pdbid,binding_affinity
0,2r58,2.0
1,3c2f,2.0
2,3g2y,2.0
3,3pce,2.0
4,4qsu,2.0
5,4qsv,2.0
6,4u54,2.06
7,3ao4,2.07
8,4cs9,2.1
9,2w8w,2.12
10,3gv9,2.12
11,6r9u,2.12
12,6abx,2.14
13,4q90,2.15
14,5cs3,2.15
15,4tim,2.16
16,5fe6,2.16
17,6ghj,2.16
18,3gqz,2.17
19,4y3j,2.17
20,5oxk,2.17
21,5z5f,2.17
22,4ahr,2.19
23,4ahs,2.19
24,4mre,2.19
25,1x8d,2.21
26,4g0z,2.21
27,1m0n,2.22
28,2aac,2.22
29,4aci,2.22
30,4ury,2.22
31,1ajp,2.23
32,3ao5,2.23
33,3i3b,2.23
34,5m9w,2.24
35,1ew8,2.26
36,4np2,2.26
37,1uto,2.27
38,4ahu,2.27
39,1ps3,2.28
40,3ip8,2.28
41,4ddk,2.29
42,3dyo,2.3
43,3kgq,2.3
44,3mhw,2.3
45,3pcg,2.3
46,3rv4,2.3
47,4g0y,2.3
48,4jsz,2.3
49,1m0o,2.31
50,4y0a,2.31
51,5mz8,2.31
52,5aol,2.32
53,4iie,2.34
54,3gtc,2.35
55,4y3y,2.35
56,3g2z,2.36
57,5fsc,2.36
58,3t0d,2.37
59,6rnt,2.37
60,3f6e,2.38
61,6md8,2.38
62,1f73,2.39
63,1nwl,2.39
64,4u5s,2.41
65,4u5o,2.42
66,6mli,2.43
67,1oba,2.44
68,3mjl,2.44
69,4ddm,2.46
70,4x8u,2.46
71,1utl,2.47
72,4y4j,2.47
73,6fhq,2.47
74,1gyx,2.48
75,4u5n,2.48
76,5mn1,2.48
77,4efk,2.49
78,4kz7,2.49
79,1ai4,2.5
80,3g30,2.51
81,3gr2,2.52
82,3mfv,2.52
83,3vdb,2.52
84,4g0q,2.52
85,4urz,2.52
86,4hj2,2.53
87,3b3s,2.55
88,3ovn,2.55
89,1gwv,2.57
90,3kgp,2.57
91,3gvb,2.59
92,4o3c,2.59
93,2r5a,2.6
94,4up5,2.6
95,5g46,2.6
96,3f37,2.62
97,5lvd,2.62
98,1ajn,2.63
99,4i8x,2.64
100,4q7w,2.64
101,4q8y,2.64
102,4ufl,2.64
103,6fhu,2.64
104,5ey0,2.65
105,3a1e,2.66
106,3lvw,2.67
107,4b3c,2.68
108,4b3d,2.68
109,3elc,2.69
110,2fzc,2.7
111,2uyn,2.7
112,3bra,2.7
113,6nmb,2.7
114,1pfu,2.72
115,2rkd,2.72
116,5fsx,2.72
117,2qwb,2.74
118,2vyt,2.74
119,4m6u,2.74
120,4ndu,2.74
121,5os2,2.74
122,1rql,2.75
123,4bt5,2.76
124,5er4,2.76
125,2bet,2.77
126,3fcq,2.77
127,4kz3,2.77
128,4ykk,2.77
129,6g24,2.77
130,5os4,2.78
131,2bza,2.8
132,5fbi,2.8
133,5fov,2.8
134,3djx,2.81
135,4rrg,2.81
136,3lka,2.82
137,3ppr,2.82
138,4dsu,2.82
139,4k7i,2.82
140,6mj7,2.82
141,3zt2,2.84
142,3udh,2.85
143,5th4,2.85
144,3zt3,2.86
145,1cet,2.89
146,1iih,2.89
147,3g31,2.89
148,4b35,2.89
149,4gqq,2.89
150,4llx,2.89
151,5flt,2.89
152,5ngz,2.89
153,5orv,2.89
154,6b7b,2.89
155,3c2u,2.9
156,1h2k,2.92
157,2fw6,2.92
158,3alt,2.92
159,3k8c,2.92
160,4ai5,2.92
161,4ef6,2.92
162,4lm3,2.92
163,4y2q,2.92
164,5ct2,2.92
165,6fv4,2.92
166,1tng,2.93
167,4zv2,2.93
168,2vmc,2.94
169,1f4e,2.96
170,2w8j,2.96
171,3g34,2.96
172,3imc,2.96
173,4dst,2.96
174,4mrg,2.96
175,4owm,2.96
176,5fng,2.96
177,6r9x,2.96
178,4ceb,2.97
179,5flq,2.97
180,3ckb,2.98
181,3djq,2.98
182,4ibc,2.98
183,5aba,2.98
184,4bps,2.99
185,1ecq,3.0
186,1ws4,3.0
187,2q8h,3.0
188,2rka,3.0
189,2v3u,3.0
190,3ime,3.0
191,4b2i,3.0
192,4k0o,3.0
193,4l51,3.0
194,4llk,3.0
195,4r3w,3.0
196,4u0w,3.0
197,5ehw,3.0
198,6ftz,3.0
199,6quv,3.0
200,1utm,3.01
201,4g0p,3.01
202,2vmd,3.02
203,4q81,3.02
204,1ogd,3.03
205,2ha3,3.03
206,4lm2,3.03
207,4qp2,3.03
208,5aoi,3.03
209,1rtf,3.04
210,3t08,3.04
211,3t1m,3.04
212,4i7k,3.04
213,4lm4,3.04
214,5fls,3.04
215,1f74,3.05
216,1uj5,3.05
217,4g5f,3.05
218,6ncn,3.05
219,1rnm,3.07
220,3mof,3.07
221,6fh3,3.07
222,1y1z,3.08
223,5ehv,3.08
224,1ec9,3.1
225,2xdl,3.1
226,3buf,3.1
227,3f78,3.1
228,4cjr,3.1
229,4kz6,3.1
230,5eh8,3.1
231,5orw,3.1
232,3c2r,3.11
233,4bt3,3.12
234,4cgi,3.12
235,5ey4,3.12
236,1ax0,3.13
237,5c5t,3.13
238,6d1k,3.13
239,2ya7,3.14
240,4b34,3.14
241,6g27,3.14
242,1e6q,3.15
243,4de5,3.15
244,4fzj,3.15
245,5flo,3.15
246,5fnf,3.15
247,6a87,3.15
248,2ymd,3.16
249,3f34,3.16
250,5fot,3.17
251,5fox,3.17
252,5ose,3.17
253,1lbk,3.18
254,3bug,3.18
255,3g1v,3.19
256,4gzx,3.19
257,6dyn,3.19
258,6ssy,3.19
259,5cs6,3.2
260,5ijr,3.2
261,1s5z,3.21
262,1br6,3.22
263,1e6s,3.22
264,1ew9,3.22
265,1k1y,3.22
266,1zc9,3.22
267,2ri9,3.22
268,2uy3,3.22
269,4n5d,3.22
270,1px4,3.23
271,3zsy,3.23
272,4lm1,3.23
273,4unp,3.23
274,5qay,3.23
275,3qfz,3.24
276,4b2l,3.24
277,4qlk,3.24
278,1v2j,3.25
279,3ta1,3.25
280,4lm0,3.25
281,5yas,3.26
282,3ioe,3.27
283,1bcu,3.28
284,3d52,3.28
285,3tfu,3.28
286,3zsx,3.28
287,4fl1,3.28
288,5duw,3.29
289,6ibk,3.29
290,1d7j,3.3
291,1phw,3.3
292,1tpw,3.3
293,2vw2,3.3
294,3aaq,3.3
295,3hcm,3.3
296,4ddh,3.3
297,4jss,3.3
298,4mrw,3.3
299,4msa,3.3
300,4np3,3.3
301,5g45,3.3
302,1i2s,3.31
303,1pzp,3.31
304,5fe7,3.31
305,2wk6,3.32
306,4cjp,3.32
307,4i7j,3.32
308,6efj,3.32
309,6pg3,3.32
310,6phx,3.32
311,188l,3.33
312,1jlr,3.33
313,4ab9,3.33
314,4b0b,3.33
315,4b5t,3.33
316,4b5w,3.33
317,3f33,3.34
318,4b32,3.34
319,4bt4,3.34
320,4cp5,3.34
321,3c2o,3.35
322,3pwk,3.35
323,4lkq,3.35
324,4cj4,3.36
325,187l,3.37
326,1tnh,3.37
327,1v2u,3.37
328,3d8z,3.37
329,3n35,3.37
330,4b33,3.37
331,6mnv,3.37
332,2fzg,3.38
333,3tay,3.38
334,3w07,3.38
335,4qll,3.38
336,4ipn,3.39
337,4lhm,3.39
338,5lsh,3.39
339,5os5,3.39
340,1bxr,3.4
341,1f8d,3.4
342,1ikt,3.4
343,1l83,3.4
344,1m83,3.4
345,1uz4,3.4
346,3jzh,3.4
347,4abe,3.4
348,2v2c,3.41
349,2qtn,3.42
350,2sim,3.42
351,2w08,3.42
352,3iob,3.42
353,4llj,3.42
354,4n8q,3.42
355,2xog,3.43
356,3axz,3.43
357,5osl,3.43
358,4umc,3.44
359,6exs,3.44
360,3nik,3.45
361,1moq,3.46
362,3muz,3.46
363,4k5p,3.46
364,4tz2,3.46
365,5qal,3.46
366,6hgr,3.46
367,6q4e,3.46
368,3ta0,3.47
369,4epy,3.47
370,4h42,3.47
371,5ma7,3.47
372,6pvz,3.47
373,2p3i,3.48
374,3g1d,3.48
375,3gx0,3.48
376,3nyd,3.48
377,4k7n,3.48
378,5eh7,3.48
379,5xg5,3.48
380,1c5o,3.49
381,1utn,3.49
382,4avs,3.49
383,4b5s,3.49
384,5fnd,3.49
385,6d9x,3.49
386,6poi,3.49
387,4i7p,3.5
388,2r0h,3.51
389,5cp9,3.51
390,5h1u,3.51
391,5mby,3.51
392,1jys,3.52
393,2j27,3.52
394,2vw1,3.52
395,3mfw,3.52
396,4mrz,3.52
397,5mod,3.52
398,6g25,3.52
399,185l,3.54
400,1v2r,3.55
401,2cle,3.55
402,2qwc,3.55
403,4aji,3.55
404,5btx,3.55
405,5fpk,3.55
406,1h46,3.57
407,1np0,3.57
408,3ff3,3.57
409,4abg,3.57
410,4ck3,3.57
411,4ibb,3.57
412,4q8x,3.57
413,5a7b,3.57
414,3dx1,3.58
415,6gjm,3.58
416,1nli,3.59
417,2gsu,3.59
418,4cjq,3.59
419,4q7v,3.59
420,5mxf,3.59
421,6dpz,3.59
422,6p8a,3.59
423,6pg4,3.59
424,1d7i,3.6
425,2fzk,3.6
426,2qpu,3.6
427,2xdk,3.6
428,3b3x,3.6
429,3g0i,3.6
430,3jdw,3.6
431,4b3b,3.6
432,4c1y,3.6
433,5dqf,3.6
434,5lvr,3.6
435,3jzj,3.61
436,3sk2,3.61
437,5lud,3.61
438,5oqu,3.61
439,1pb9,3.62
440,4bkt,3.62
441,4rrf,3.62
442,6mll,3.62
443,6pge,3.62
444,5dqe,3.63
445,5ork,3.63
446,1gyy,3.64
447,2azr,3.64
448,2rk8,3.64
449,4iuo,3.64
450,4agl,3.65
451,5yum,3.65
452,2v00,3.66
453,3buh,3.66
454,3oy8,3.66
455,3pcn,3.66
456,3t2q,3.66
457,4aia,3.66
458,4fl2,3.66
459,5m17,3.66
460,5nzn,3.66
461,6cq1,3.66
462,6dyr,3.66
463,4cig,3.67
464,4ibd,3.67
465,5fog,3.67
466,5fol,3.67
467,1c3x,3.68
468,2x6x,3.68
469,3ioc,3.68
470,3isj,3.68
471,4aje,3.68
472,4io7,3.68
473,4isu,3.68
474,6cfc,3.68
475,2a8g,3.69
476,4ovg,3.69
477,4tte,3.69
478,5dkn,3.69
479,5os7,3.69
480,6gg4,3.69
481,1loq,3.7
482,1pdz,3.7
483,1wht,3.7
484,2bvr,3.7
485,2fx6,3.7
486,3l59,3.7
487,3n7a,3.7
488,5j41,3.7
489,6gjj,3.7
490,6mlp,3.7
491,6pg6,3.7
492,2vfk,3.71
493,3fj7,3.71
494,3g32,3.71
495,1ai5,3.72
496,1grp,3.72
497,2am4,3.72
498,2r23,3.72
499,3f5l,3.72
500,3q6z,3.72
501,4tln,3.72
502,4ufm,3.72
503,6d1h,3.72
504,3fjg,3.73
505,4fz3,3.73
506,6iou,3.73
507,1f5k,3.74
508,2wq5,3.74
509,4yk0,3.74
510,6gjr,3.74
511,3d6p,3.75
512,2x09,3.76
513,4tu4,3.76
514,4w52,3.76
515,1kui,3.77
516,2v2h,3.77
517,3ao2,3.77
518,4q46,3.77
519,5qa8,3.77
520,6euc,3.77
521,6fuh,3.77
522,6hgs,3.77
523,3nq3,3.78
524,2clk,3.79
525,1kug,3.8
526,1li6,3.8
527,1nje,3.8
528,2hb1,3.8
529,3t09,3.8
530,4ajl,3.8
531,5h1t,3.8
532,5uf0,3.8
533,6g2b,3.8
534,2hu6,3.81
535,3ai8,3.81
536,1hn4,3.82
537,4aba,3.82
538,4bks,3.82
539,4keq,3.82
540,4mmm,3.82
541,6e1z,3.82
542,1j16,3.84
543,1utj,3.84
544,3lzz,3.84
545,5mnn,3.84
546,2wzs,3.85
547,2yb0,3.85
548,3mv0,3.85
549,4kiu,3.85
550,5btv,3.85
551,6pg8,3.85
552,3spf,3.86
553,4i9u,3.86
554,5g4m,3.86
555,5ldm,3.86
556,5oh9,3.86
557,6gjl,3.86
558,1aj7,3.87
559,1v16,3.87
560,3w5n,3.87
561,3wjw,3.87
562,4nbk,3.87
563,5oh3,3.87
564,6gji,3.87
565,3si4,3.88
566,4mjp,3.88
567,5eqe,3.88
568,1m0q,3.89
569,2ctc,3.89
570,3iae,3.89
571,4aj4,3.89
572,4nl1,3.89
573,4ufk,3.89
574,1avn,3.9
575,2gvv,3.9
576,2qw1,3.9
577,2rkm,3.9
578,2vhj,3.9
579,2vuk,3.9
580,2wor,3.9
581,2wos,3.9
582,4n9c,3.9
583,4qgi,3.9
584,6c85,3.9
585,1kuk,3.91
586,6d1b,3.91
587,1pr5,3.92
588,3ap4,3.92
589,3twp,3.92
590,6g9x,3.92
591,6hzy,3.92
592,1h5v,3.93
593,2a5b,3.93
594,2cbz,3.93
595,6g9i,3.93
596,1v1m,3.94
597,2v3d,3.94
598,4bi6,3.95
599,5fou,3.95
600,5m5d,3.95
601,6cbg,3.95
602,6jaq,3.95
603,1mrs,3.96
604,2fpz,3.96
605,2wec,3.96
606,3c39,3.96
607,3gt9,3.96
608,4gqr,3.96
609,4agn,3.97
610,4ibg,3.97
611,1v11,3.98
612,3b3c,3.98
613,4agm,3.98
614,5os8,3.98
615,5yj8,3.98
616,6rih,3.98
617,1rpf,3.99
618,4i7l,3.99
619,1e5j,4.0
620,1lgw,4.0
621,1tni,4.0
622,1wc1,4.0
623,2buv,4.0
624,2ot1,4.0
625,2qrl,4.0
626,2rin,4.0
627,2whp,4.0
628,3a1c,4.0
629,3ijh,4.0
630,3vd9,4.0
631,4p6c,4.0
632,4umb,4.0
633,5g4n,4.0
634,5h1v,4.0
635,5mgk,4.0
636,5wcm,4.0
637,1v2w,4.01
638,3fzn,4.01
639,2wvz,4.02
640,3po1,4.02
641,5vsj,4.02
642,2q8m,4.03
643,2x96,4.03
644,3bxh,4.03
645,3nq9,4.03
646,4msn,4.03
647,5e2l,4.03
648,5nzf,4.03
649,6cze,4.03
650,6hni,4.03
651,1hi5,4.04
652,1li2,4.04
653,6i0z,4.04
654,6qlt,4.04
655,2w66,4.05
656,3n8k,4.05
657,3qx9,4.05
658,5gof,4.05
659,2clh,4.06
660,3m3c,4.06
661,5mge,4.06
662,5om2,4.06
663,8a3h,4.06
664,1hyo,4.07
665,2v2v,4.07
666,4xmr,4.07
667,5mpz,4.07
668,5ot9,4.07
669,6dai,4.07
670,6i18,4.07
671,2rke,4.08
672,2z1w,4.08
673,3kwa,4.08
674,1ai7,4.09
675,1o0n,4.09
676,2v88,4.09
677,4b9z,4.09
678,4fxp,4.09
679,5var,4.09
680,6d1i,4.09
681,1c5t,4.1
682,1odj,4.1
683,2bvs,4.1
684,3gk1,4.1
685,3iod,4.1
686,4cr9,4.1
687,5cc2,4.1
688,5kat,4.1
689,5om3,4.1
690,5t7s,4.1
691,6dpy,4.1
692,6ios,4.1
693,1p19,4.11
694,2exm,4.11
695,3d6o,4.11
696,3oyw,4.11
697,3v4t,4.11
698,4ih5,4.11
699,5dnu,4.11
700,5e6o,4.11
701,5fnc,4.11
702,3a1d,4.12
703,3ivc,4.12
704,3mam,4.12
705,4de2,4.12
706,4kxb,4.12
707,4qfn,4.12
708,4whs,4.12
709,4zow,4.12
710,6cvv,4.12
711,3ozt,4.13
712,3qto,4.13
713,4ovf,4.13
714,4yc0,4.13
715,4i7m,4.14
716,4ibi,4.14
717,5dq8,4.14
718,5lvq,4.14
719,1m2x,4.15
720,1q91,4.15
721,2v2q,4.15
722,2vt3,4.15
723,2xg9,4.15
724,3a9i,4.15
725,3d51,4.15
726,3sur,4.15
727,3sus,4.15
728,4abh,4.15
729,4cr5,4.15
730,4ibe,4.15
731,4kz4,4.15
732,5aan,4.15
733,3si3,4.16
734,4jkw,4.16
735,5fyx,4.16
736,5ito,4.16
737,1v2s,4.17
738,3qfd,4.17
739,4oma,4.17
740,5bw4,4.17
741,5ldp,4.17
742,3q2j,4.18
743,5vgy,4.18
744,6dy7,4.18
745,1hi3,4.19
746,3b3w,4.19
747,3cft,4.19
748,3sv2,4.19
749,4n9a,4.19
750,4nra,4.19
751,4q83,4.19
752,1c5y,4.2
753,1c87,4.2
754,1ghw,4.2
755,3djp,4.2
756,3qx5,4.2
757,5fcz,4.2
758,5ot8,4.2
759,1odi,4.21
760,1qk4,4.21
761,4bqs,4.21
762,4u6w,4.21
763,5n99,4.21
764,5ti0,4.21
765,5wbo,4.21
766,1kv5,4.22
767,1pzi,4.22
768,1t5f,4.22
769,1ua4,4.22
770,3f80,4.22
771,3kyq,4.22
772,4gny,4.22
773,4mo4,4.22
774,4oak,4.22
775,5kh3,4.22
776,2jke,4.23
777,2jkp,4.23
778,3zqe,4.23
779,4qfp,4.23
780,5fnr,4.23
781,2bes,4.24
782,3h78,4.24
783,5csp,4.24
784,5e13,4.24
785,5f8y,4.24
786,5oh2,4.24
787,5u0w,4.24
788,5uff,4.24
789,5ut6,4.24
790,1li3,4.25
791,5b2d,4.25
792,5ei3,4.25
793,5km9,4.25
794,6d1j,4.25
795,6dys,4.25
796,6mdu,4.25
797,2qrk,4.26
798,3qwc,4.26
799,4r0a,4.26
800,4u69,4.26
801,5f9b,4.26
802,6gnm,4.26
803,1m5w,4.27
804,4qfo,4.27
805,5mgf,4.27
806,6hh5,4.27
807,2vzr,4.28
808,3f5j,4.28
809,3gta,4.28
810,3jrs,4.28
811,4ufj,4.28
812,5f2r,4.28
813,5l4j,4.28
814,1e2l,4.29
815,1v2l,4.29
816,2wuf,4.29
817,4i3z,4.29
818,5mgj,4.29
819,1a30,4.3
820,1amk,4.3
821,1det,4.3
822,1w3k,4.3
823,2cli,4.3
824,3ivg,4.3
825,3t0b,4.3
826,3upk,4.3
827,4eoh,4.3
828,4ibk,4.3
829,4k7o,4.3
830,4o61,4.3
831,4zme,4.3
832,5ewy,4.3
833,5jgi,4.3
834,6fuj,4.3
835,6q4g,4.3
836,1ajq,4.31
837,2tpi,4.31
838,4kow,4.31
839,6ajr,4.31
840,6f20,4.31
841,6ior,4.31
842,2ha6,4.32
843,2qtt,4.32
844,4q7p,4.32
845,4rsk,4.32
846,4u43,4.32
847,4ucc,4.32
848,5m28,4.32
849,6jad,4.32
850,1olx,4.33
851,4ibj,4.33
852,4zcs,4.33
853,6czb,4.33
854,6exj,4.33
855,6g29,4.33
856,1e3v,4.34
857,1z6s,4.34
858,5n3v,4.34
859,6ajz,4.34
860,1ghv,4.35
861,1sv3,4.35
862,1yfz,4.35
863,4owv,4.35
864,5ka7,4.35
865,6d1a,4.35
866,6r1a,4.35
867,1dy4,4.36
868,2ez7,4.36
869,4nbn,4.36
870,1td7,4.37
871,4gu9,4.37
872,5oh7,4.37
873,6qi4,4.37
874,1bhf,4.38
875,3b24,4.38
876,3u9q,4.38
877,6hgj,4.38
878,6mla,4.38
879,6o5u,4.38
880,2avq,4.39
881,2hjb,4.39
882,3djo,4.39
883,4zt8,4.39
884,5orh,4.39
885,5zni,4.39
886,1p57,4.4
887,2pwd,4.4
888,3wgg,4.4
889,4abd,4.4
890,4dy6,4.4
891,4omk,4.4
892,4pp0,4.4
893,5uv2,4.4
894,1no6,4.41
895,1olu,4.41
896,2csn,4.41
897,3rsx,4.41
898,3uxd,4.41
899,4exs,4.41
900,4ou3,4.41
901,5e74,4.41
902,5ka9,4.41
903,1tjp,4.42
904,3dri,4.42
905,4cc5,4.42
906,4ek9,4.42
907,4q7s,4.42
908,6h8s,4.42
909,2pu2,4.43
910,2we3,4.43
911,2wyf,4.43
912,3kqr,4.43
913,4axd,4.43
914,4dsy,4.43
915,4ibf,4.43
916,4jpy,4.43
917,4kcx,4.43
918,4qf9,4.43
919,4ykj,4.43
920,4zw5,4.43
921,5f2p,4.43
922,5g4o,4.43
923,5h5f,4.43
924,5kad,4.43
925,2amt,4.44
926,3u81,4.44
927,5azf,4.44
928,5d6j,4.44
929,6np4,4.44
930,6ppy,4.44
931,2wbg,4.45
932,6q3q,4.45
933,4gki,4.46
934,4i8n,4.46
935,5c3p,4.46
936,5dpx,4.46
937,5jox,4.46
938,6fui,4.46
939,2r2w,4.47
940,3hl5,4.47
941,4cu8,4.47
942,6d1d,4.47
943,6d1g,4.47
944,6f05,4.47
945,1jaq,4.48
946,1qan,4.48
947,2ogy,4.48
948,3p17,4.48
949,3t01,4.48
950,4dhl,4.48
951,4oks,4.48
952,5ka1,4.48
953,5ovv,4.48
954,5tya,4.48
955,6d15,4.48
956,1hi4,4.49
957,1j14,4.49
958,1o7o,4.49
959,3hl8,4.49
960,3kmy,4.49
961,4cwf,4.49
962,5isz,4.49
963,5t19,4.49
964,6b7a,4.49
965,3sw8,4.5
966,5ovx,4.5
967,5yl2,4.5
968,6jag,4.5
969,1gi7,4.51
970,2r1y,4.51
971,3aas,4.51
972,3uug,4.51
973,4abb,4.51
974,4g90,4.51
975,6nu1,4.51
976,6qlq,4.51
977,1ctt,4.52
978,1mrn,4.52
979,1z4o,4.52
980,2a4m,4.52
981,2ra6,4.52
982,2wm0,4.52
983,3bzf,4.52
984,3gy7,4.52
985,3r6u,4.52
986,4gzw,4.52
987,4trc,4.52
988,5o1f,4.52
989,5vh0,4.52
990,6nco,4.52
991,6p88,4.52
992,3h30,4.53
993,6i11,4.53
994,1amw,4.54
995,1b2h,4.54
996,1lyx,4.54
997,1szd,4.54
998,2zz1,4.54
999,2zz2,4.54
1000,3iub,4.54
1001,4b76,4.54
1002,5etb,4.54
1003,5u0d,4.54
1004,6p5o,4.54
1005,6pga,4.54
1006,6pid,4.54
1007,3b2q,4.55
1008,3djv,4.55
1009,3p8p,4.55
1010,3ppq,4.55
1011,3rr4,4.55
1012,3suv,4.55
1013,4myd,4.55
1014,5c2o,4.55
1015,5oh4,4.55
1016,5oss,4.55
1017,6edr,4.55
1018,6gnp,4.55
1019,4x3k,4.56
1020,5ost,4.56
1021,4fp1,4.57
1022,4or4,4.57
1023,4yrd,4.57
1024,5ko5,4.57
1025,5ovr,4.57
1026,6np5,4.57
1027,4bi7,4.58
1028,5j7q,4.58
1029,5u0g,4.58
1030,1bma,4.59
1031,2ihj,4.59
1032,2jiw,4.59
1033,3hp9,4.59
1034,3ujc,4.59
1035,4c6u,4.59
1036,4g8y,4.59
1037,5k9w,4.59
1038,6fnq,4.59
1039,1pa9,4.6
1040,1tx7,4.6
1041,1u33,4.6
1042,1upf,4.6
1043,2pyy,4.6
1044,2v54,4.6
1045,2vb8,4.6
1046,2vba,4.6
1047,2wlz,4.6
1048,2x0y,4.6
1049,3d7k,4.6
1050,3vhk,4.6
1051,4bc5,4.6
1052,4jal,4.6
1053,4p58,4.6
1054,6n5x,4.6
1055,6p87,4.6
1056,6pgb,4.6
1057,6qe0,4.6
1058,2bo4,4.61
1059,3lgs,4.61
1060,4io4,4.61
1061,4ocq,4.61
1062,5ulp,4.61
1063,6eq1,4.61
1064,1f4f,4.62
1065,2a5c,4.62
1066,2f6t,4.62
1067,2xm2,4.62
1068,3f5k,4.62
1069,3tk2,4.62
1070,3u90,4.62
1071,3umq,4.62
1072,4abf,4.62
1073,4ad3,4.62
1074,4ynl,4.62
1075,5jgq,4.62
1076,6f1j,4.62
1077,3uj9,4.63
1078,4hzm,4.63
1079,5ji8,4.63
1080,5n34,4.63
1081,4psb,4.64
1082,5e73,4.64
1083,5jhk,4.64
1084,6qlu,4.64
1085,3qtv,4.65
1086,4q93,4.65
1087,4w9c,4.65
1088,6b98,4.65
1089,1bzj,4.66
1090,1h4w,4.66
1091,1m1b,4.66
1092,2ca8,4.66
1093,2ha2,4.66
1094,3ddf,4.66
1095,3mss,4.66
1096,4tt2,4.66
1097,5j1r,4.66
1098,5o1d,4.66
1099,6ezq,4.66
1100,6g2c,4.66
1101,6ooy,4.66
1102,6pg7,4.66
1103,6qln,4.66
1104,3vw1,4.67
1105,4gkh,4.67
1106,4nku,4.67
1107,5jsq,4.67
1108,1c5p,4.68
1109,1wn6,4.68
1110,2nsl,4.68
1111,2uy4,4.68
1112,2ypo,4.68
1113,3g35,4.68
1114,4lar,4.68
1115,4ymg,4.68
1116,5a5q,4.68
1117,5aoj,4.68
1118,5eq1,4.68
1119,5fe9,4.68
1120,5k1d,4.68
1121,5kab,4.68
1122,6bm6,4.68
1123,6ift,4.68
1124,2rio,4.69
1125,3ujd,4.69
1126,4agp,4.69
1127,4mgd,4.69
1128,4tpw,4.69
1129,6mg5,4.69
1130,1c5n,4.7
1131,1c86,4.7
1132,2cex,4.7
1133,2dw7,4.7
1134,2fu8,4.7
1135,2i2c,4.7
1136,3kiv,4.7
1137,3nkk,4.7
1138,3suw,4.7
1139,4j7d,4.7
1140,4j93,4.7
1141,4luz,4.7
1142,4lzr,4.7
1143,5h85,4.7
1144,5wbm,4.7
1145,6fba,4.7
1146,6gj6,4.7
1147,6jbe,4.7
1148,6p86,4.7
1149,6r13,4.7
1150,1v2t,4.71
1151,4ljh,4.71
1152,4yb5,4.71
1153,5his,4.71
1154,5kma,4.71
1155,5otc,4.71
1156,6evn,4.71
1157,6ueg,4.71
1158,184l,4.72
1159,1vso,4.72
1160,3ebo,4.72
1161,3f6g,4.72
1162,4zw7,4.72
1163,5hjq,4.72
1164,6qqw,4.72
1165,1v2o,4.73
1166,4ayu,4.73
1167,5gmn,4.73
1168,1bty,4.74
1169,1w4p,4.74
1170,2e2p,4.74
1171,4ih6,4.74
1172,4jxs,4.74
1173,4kyk,4.74
1174,5k03,4.74
1175,5ov8,4.74
1176,6eq5,4.74
1177,6szp,4.74
1178,6t1j,4.74
1179,3nim,4.75
1180,3vw2,4.75
1181,1q8t,4.76
1182,3acw,4.76
1183,3o5n,4.76
1184,4wop,4.76
1185,5lne,4.76
1186,1str,4.77
1187,2afw,4.77
1188,2b4l,4.77
1189,3d50,4.77
1190,3iqu,4.77
1191,3rm9,4.77
1192,4kax,4.77
1193,4uoh,4.77
1194,5iyy,4.77
1195,5mkr,4.77
1196,5mks,4.77
1197,5o5a,4.77
1198,5orj,4.77
1199,6fgg,4.77
1200,6mkw,4.77
1201,6t1l,4.77
1202,4ad6,4.78
1203,6czc,4.78
1204,1oss,4.79
1205,2nsj,4.79
1206,3eb1,4.79
1207,5k1f,4.79
1208,1bju,4.8
1209,1ghz,4.8
1210,2nta,4.8
1211,3bpc,4.8
1212,3dnd,4.8
1213,4aq6,4.8
1214,4llp,4.8
1215,4lzs,4.8
1216,4pb2,4.8
1217,5j3l,4.8
1218,5jzi,4.8
1219,6jap,4.8
1220,4ago,4.81
1221,6p84,4.81
1222,1aid,4.82
1223,1dud,4.82
1224,1f8e,4.82
1225,1v1j,4.82
1226,1xff,4.82
1227,1y3p,4.82
1228,2gl0,4.82
1229,2gzl,4.82
1230,2pwg,4.82
1231,2ypi,4.82
1232,3kmx,4.82
1233,3r88,4.82
1234,3vd4,4.82
1235,4ciw,4.82
1236,4fys,4.82
1237,4ih3,4.82
1238,4io6,4.82
1239,4kwf,4.82
1240,4rlu,4.82
1241,5ewa,4.82
1242,6aox,4.82
1243,6d17,4.82
1244,6h2t,4.82
1245,6qlr,4.82
1246,5efa,4.83
1247,3vvy,4.84
1248,4kif,4.84
1249,4uof,4.84
1250,5d1r,4.84
1251,6jfk,4.84
1252,186l,4.85
1253,1c83,4.85
1254,1ecv,4.85
1255,1n51,4.85
1256,1qji,4.85
1257,1xgi,4.85
1258,2qwd,4.85
1259,2r9x,4.85
1260,2w4x,4.85
1261,3cj2,4.85
1262,3f70,4.85
1263,3ohi,4.85
1264,3ru1,4.85
1265,3zyf,4.85
1266,4hpi,4.85
1267,4iic,4.85
1268,4j7e,4.85
1269,4ovh,4.85
1270,4q87,4.85
1271,5efc,4.85
1272,5ewk,4.85
1273,5jsg,4.85
1274,5o1h,4.85
1275,6gga,4.85
1276,2brb,4.86
1277,5yfs,4.86
1278,6jao,4.86
1279,4ipj,4.87
1280,4q0k,4.87
1281,4rlw,4.87
1282,4rra,4.87
1283,3exh,4.88
1284,3lp4,4.88
1285,3pju,4.88
1286,5nwe,4.88
1287,6jon,4.88
1288,1p1q,4.89
1289,2aoc,4.89
1290,2j77,4.89
1291,2vo5,4.89
1292,3d4z,4.89
1293,3juk,4.89
1294,3m8u,4.89
1295,4l9i,4.89
1296,4pnu,4.89
1297,5hbn,4.89
1298,5ii2,4.89
1299,5ipc,4.89
1300,5j7w,4.89
1301,5l3a,4.89
1302,5o9o,4.89
1303,5oha,4.89
1304,5z7b,4.89
1305,6i5g,4.89
1306,6jdl,4.89
1307,6qrc,4.89
1308,3cf8,4.9
1309,1km3,4.91
1310,5l8a,4.91
1311,6dgr,4.91
1312,1bzc,4.92
1313,1e1v,4.92
1314,1jqy,4.92
1315,2haw,4.92
1316,3eax,4.92
1317,3rv8,4.92
1318,4j47,4.92
1319,5d3t,4.92
1320,5evk,4.92
1321,5otr,4.92
1322,6dq4,4.92
1323,6j0o,4.92
1324,6pg9,4.92
1325,6qqv,4.92
1326,6r11,4.92
1327,6r18,4.92
1328,3uxk,4.93
1329,4ido,4.93
1330,1e2k,4.94
1331,2gss,4.94
1332,2vo4,4.94
1333,2vpe,4.94
1334,4dmw,4.94
1335,4ts1,4.94
1336,6hmg,4.94
1337,1jn4,4.95
1338,2x95,4.95
1339,4bup,4.95
1340,5yz2,4.95
1341,1dar,4.96
1342,1elr,4.96
1343,1o5g,4.96
1344,1tsy,4.96
1345,1uz8,4.96
1346,2vjx,4.96
1347,2w67,4.96
1348,3bxg,4.96
1349,3veh,4.96
1350,3zsq,4.96
1351,4jsa,4.96
1352,4rlt,4.96
1353,5ioz,4.96
1354,6gjw,4.96
1355,6pg5,4.96
1356,6pia,4.96
1357,6r0v,4.96
1358,3qbc,4.97
1359,4e3g,4.97
1360,4in9,4.97
1361,6arm,4.97
1362,2w47,4.98
1363,4re2,4.98
1364,6jof,4.98
1365,4w9d,4.99
1366,5gj9,4.99
1367,6gnw,4.99
1368,6p85,4.99
1369,1c84,5.0
1370,1hlk,5.0
1371,1nc3,5.0
1372,1o35,5.0
1373,1ql7,5.0
1374,2oiq,5.0
1375,2oym,5.0
1376,2vxn,5.0
1377,3cfn,5.0
1378,3gbe,5.0
1379,3k02,5.0
1380,3p9m,5.0
1381,4czs,5.0
1382,4u6c,5.0
1383,4xoe,5.0
1384,4xxh,5.0
1385,5evb,5.0
1386,5evd,5.0
1387,5itp,5.0
1388,5x54,5.0
1389,5yft,5.0
1390,1ppi,5.01
1391,2glp,5.01
1392,4agq,5.01
1393,5oa2,5.01
1394,6g2e,5.01
1395,6p89,5.01
1396,2d0k,5.02
1397,2xbp,5.02
1398,3bgc,5.02
1399,3usx,5.02
1400,4u70,5.02
1401,4w9l,5.02
1402,6hgf,5.02
1403,1i1e,5.03
1404,4io5,5.03
1405,4np9,5.03
1406,5mrm,5.03
1407,5n3y,5.03
1408,1mfa,5.04
1409,3tz0,5.04
1410,4jym,5.04
1411,4lk7,5.04
1412,5d3n,5.04
1413,5f25,5.04
1414,5lyn,5.04
1415,5ovp,5.04
1416,6ajv,5.04
1417,6j7e,5.04
1418,1dgm,5.05
1419,1fkw,5.05
1420,1qxk,5.05
1421,3aau,5.05
1422,3s76,5.05
1423,4euo,5.05
1424,4oct,5.05
1425,4rqv,5.05
1426,4yzu,5.05
1427,5i3a,5.05
1428,6d50,5.05
1429,6exi,5.05
1430,6kjd,5.05
1431,6mlg,5.05
1432,2v77,5.06
1433,2yge,5.06
1434,3f68,5.06
1435,4h7q,5.06
1436,5a2i,5.06
1437,5c1w,5.06
1438,6qlo,5.06
1439,2c3l,5.07
1440,2xm1,5.07
1441,2yfa,5.07
1442,3juo,5.07
1443,5hwv,5.07
1444,5u12,5.07
1445,6j9y,5.07
1446,6jtc,5.07
1447,6n0k,5.07
1448,6qr1,5.07
1449,6r4k,5.07
1450,1enu,5.08
1451,1gfy,5.08
1452,2qtg,5.08
1453,3tb6,5.08
1454,4oiv,5.08
1455,5n2t,5.08
1456,6d16,5.08
1457,1m48,5.09
1458,1nw7,5.09
1459,2ygf,5.09
1460,5fhm,5.09
1461,5o9p,5.09
1462,6n3x,5.09
1463,1ez9,5.1
1464,1kmy,5.1
1465,1od8,5.1
1466,1onz,5.1
1467,1v0k,5.1
1468,1w7g,5.1
1469,2r9w,5.1
1470,3gy4,5.1
1471,3p4v,5.1
1472,4dcs,5.1
1473,5d3h,5.1
1474,6ce6,5.1
1475,6md6,5.1
1476,6s56,5.1
1477,6s57,5.1
1478,1k4h,5.11
1479,1yp9,5.11
1480,3k4d,5.11
1481,3ozj,5.11
1482,4qfl,5.11
1483,5kej,5.11
1484,5u0e,5.11
1485,6jdi,5.11
1486,1qaw,5.12
1487,1uv6,5.12
1488,2web,5.12
1489,3zso,5.12
1490,4f1l,5.12
1491,4h81,5.12
1492,5f74,5.12
1493,6i13,5.12
1494,6n95,5.12
1495,6qe5,5.12
1496,3s9e,5.13
1497,5d3p,5.13
1498,6f9u,5.13
1499,6j9w,5.13
1500,6st0,5.13
1501,1y3x,5.14
1502,2br1,5.14
1503,2yaz,5.14
1504,3tao,5.14
1505,4ejl,5.14
1506,5kva,5.14
1507,6dak,5.14
1508,1jcx,5.15
1509,1jvu,5.15
1510,1o0m,5.15
1511,1pb8,5.15
1512,1qk3,5.15
1513,1s38,5.15
1514,1thz,5.15
1515,2afx,5.15
1516,3ozr,5.15
1517,4h85,5.15
1518,4jpx,5.15
1519,4qrh,5.15
1520,6aro,5.15
1521,6nu5,5.15
1522,3b27,5.16
1523,5ufc,5.16
1524,6mjf,5.16
1525,6om8,5.16
1526,2zfp,5.17
1527,3b7j,5.17
1528,4gkm,5.17
1529,5ahw,5.17
1530,5aut,5.17
1531,5ohy,5.17
1532,6cbf,5.17
1533,6g2f,5.17
1534,6qqq,5.17
1535,1ft7,5.18
1536,3w37,5.18
1537,4duh,5.18
1538,4iif,5.18
1539,4u73,5.18
1540,1ocq,5.19
1541,1ogg,5.19
1542,1oxr,5.19
1543,1rnt,5.19
1544,2qdt,5.19
1545,4ezz,5.19
1546,5otz,5.19
1547,6arn,5.19
1548,3ov1,5.2
1549,3uu1,5.2
1550,4a6s,5.2
1551,4ezr,5.2
1552,1nw5,5.21
1553,1o2r,5.21
1554,4cwo,5.21
1555,4few,5.21
1556,4je8,5.21
1557,4m0r,5.21
1558,5o9q,5.21
1559,5ty9,5.21
1560,5zyg,5.21
1561,6iht,5.21
1562,6t1m,5.21
1563,1bq4,5.22
1564,1j17,5.22
1565,1o5c,5.22
1566,1ucn,5.22
1567,1w4o,5.22
1568,1zea,5.22
1569,2gz2,5.22
1570,2hxm,5.22
1571,2wzm,5.22
1572,2zxd,5.22
1573,3dne,5.22
1574,3iof,5.22
1575,3lq2,5.22
1576,3ms9,5.22
1577,3n1c,5.22
1578,3ppp,5.22
1579,3q71,5.22
1580,3qxt,5.22
1581,4lrr,5.22
1582,4u71,5.22
1583,5ev8,5.22
1584,5ja0,5.22
1585,1b4z,5.23
1586,1ndw,5.23
1587,2q38,5.23
1588,6bhv,5.23
1589,6jam,5.23
1590,6pu3,5.23
1591,1fh7,5.24
1592,1q8w,5.24
1593,1s89,5.24
1594,2jfz,5.24
1595,3pb8,5.24
1596,3ueu,5.24
1597,4gue,5.24
1598,4idn,5.24
1599,4ih7,5.24
1600,4non,5.24
1601,4y59,5.24
1602,4zv1,5.24
1603,5d24,5.24
1604,5d3j,5.24
1605,5edd,5.24
1606,5w1e,5.24
1607,6gxg,5.24
1608,2bfr,5.25
1609,3r24,5.25
1610,5b5f,5.25
1611,5b5g,5.25
1612,5twj,5.25
1613,1w4q,5.26
1614,3n9s,5.26
1615,4omj,5.26
1616,5gs9,5.26
1617,6t1i,5.26
1618,2x7u,5.27
1619,3tkw,5.27
1620,4jfs,5.27
1621,5hwu,5.27
1622,5irr,5.27
1623,5ltn,5.27
1624,1b46,5.28
1625,1f5l,5.28
1626,3bbf,5.28
1627,3o5x,5.28
1628,4e70,5.28
1629,4j46,5.28
1630,5ect,5.28
1631,5g5f,5.28
1632,5xpi,5.28
1633,6ajy,5.28
1634,6qlp,5.28
1635,1c88,5.29
1636,2wc4,5.29
1637,5hrv,5.29
1638,5hrx,5.29
1639,1a69,5.3
1640,1h6h,5.3
1641,1o0f,5.3
1642,1srg,5.3
1643,2q7q,5.3
1644,2vk6,5.3
1645,3p9l,5.3
1646,3pgl,5.3
1647,3upv,5.3
1648,5eyr,5.3
1649,6d2o,5.3
1650,6eeb,5.3
1651,6ml9,5.3
1652,6qqu,5.3
1653,6r1w,5.3
1654,1hk4,5.31
1655,1mfd,5.31
1656,4or6,5.31
1657,4u1b,5.31
1658,5eij,5.31
1659,5n2z,5.31
1660,1lvu,5.32
1661,1y20,5.32
1662,4ipi,5.32
1663,4us3,5.32
1664,5g1z,5.32
1665,5n17,5.32
1666,6g0z,5.32
1667,6h1u,5.32
1668,2c80,5.33
1669,3arx,5.33
1670,3ozs,5.33
1671,3q1x,5.33
1672,6u6w,5.33
1673,1hee,5.34
1674,1zgi,5.34
1675,3hkq,5.34
1676,3k4q,5.34
1677,3nee,5.34
1678,5l4m,5.34
1679,5o9y,5.34
1680,5u14,5.34
1681,5wp5,5.34
1682,1ql9,5.35
1683,2fxv,5.35
1684,2gkl,5.35
1685,3hkn,5.35
1686,5u11,5.35
1687,6ep4,5.35
1688,6of5,5.35
1689,6pgc,5.35
1690,6qls,5.35
1691,1adl,5.36
1692,3bv9,5.36
1693,3ldq,5.36
1694,3mf5,5.36
1695,1gpk,5.37
1696,1sgu,5.37
1697,3qt6,5.37
1698,6eyb,5.37
1699,6n0j,5.37
1700,1g3e,5.38
1701,3tif,5.38
1702,4f7v,5.38
1703,5mek,5.38
1704,6olx,5.38
1705,1qbv,5.39
1706,2h6b,5.39
1707,3hkt,5.39
1708,3m1k,5.39
1709,4cl6,5.39
1710,4ej8,5.39
1711,5chk,5.39
1712,5o9r,5.39
1713,6ggb,5.39
1714,6ggf,5.39
1715,6ma2,5.39
1716,1bp0,5.4
1717,1f8b,5.4
1718,1m7i,5.4
1719,1mmr,5.4
1720,1pz5,5.4
1721,1r9l,5.4
1722,1trd,5.4
1723,2c1p,5.4
1724,2f35,5.4
1725,2i80,5.4
1726,2jdm,5.4
1727,2qg2,5.4
1728,3b4p,5.4
1729,4c5d,5.4
1730,4ij1,5.4
1731,4m3p,5.4
1732,4ozj,5.4
1733,4pin,5.4
1734,5ep7,5.4
1735,5eqp,5.4
1736,5fns,5.4
1737,5jsj,5.4
1738,5l9o,5.4
1739,5lsg,5.4
1740,5mqe,5.4
1741,5tef,5.4
1742,6ny0,5.4
1743,6r1d,5.4
1744,2j47,5.41
1745,4tun,5.41
1746,4u6z,5.41
1747,4uma,5.41
1748,5cbs,5.41
1749,5u13,5.41
1750,6mm2,5.41
1751,2vpo,5.42
1752,4fev,5.42
1753,4nxv,5.42
1754,6hgg,5.42
1755,3ng4,5.43
1756,4f5y,5.43
1757,4pox,5.43
1758,1h0a,5.44
1759,1syi,5.44
1760,2q6f,5.44
1761,2wr8,5.44
1762,3lp7,5.44
1763,3u10,5.44
1764,4dju,5.44
1765,5ave,5.44
1766,5e3a,5.44
1767,5tp0,5.44
1768,6gnr,5.44
1769,6n3y,5.44
1770,6r1b,5.44
1771,2iko,5.45
1772,3mi3,5.45
1773,1b4h,5.46
1774,1q65,5.46
1775,5mnr,5.46
1776,5nka,5.46
1777,5txy,5.46
1778,6dzx,5.46
1779,6ekq,5.46
1780,6gdy,5.46
1781,6nxz,5.46
1782,6t1n,5.46
1783,1g7f,5.47
1784,1gi1,5.47
1785,1xh5,5.47
1786,2r0z,5.47
1787,2xde,5.47
1788,4n6g,5.47
1789,4n7m,5.47
1790,4qb3,5.47
1791,5nn5,5.47
1792,5u0f,5.47
1793,6c7w,5.47
1794,1g85,5.48
1795,2cbv,5.48
1796,2zkj,5.48
1797,3bxe,5.48
1798,3iw6,5.48
1799,3zdv,5.48
1800,4jfm,5.48
1801,4kp8,5.48
1802,4pf5,5.48
1803,4uc5,5.48
1804,5aqz,5.48
1805,5hrw,5.48
1806,6dd0,5.48
1807,1pot,5.49
1808,1pyn,5.49
1809,2h4k,5.49
1810,2o0u,5.49
1811,2uy5,5.49
1812,3bvb,5.49
1813,3ga5,5.49
1814,3hmp,5.49
1815,3i73,5.49
1816,4w9f,5.49
1817,5avf,5.49
1818,6g14,5.49
1819,6qr2,5.49
1820,3tza,5.5
1821,3da9,5.51
1822,3kgt,5.51
1823,4k55,5.51
1824,4qxo,5.51
1825,4zba,5.51
1826,4zgk,5.51
1827,5cks,5.51
1828,5oa6,5.51
1829,6dgq,5.51
1830,6gfz,5.51
1831,1kc7,5.52
1832,1oe8,5.52
1833,1ydr,5.52
1834,2cht,5.52
1835,2ydt,5.52
1836,3hzm,5.52
1837,3iog,5.52
1838,4en4,5.52
1839,5f08,5.52
1840,5j1x,5.52
1841,5mrp,5.52
1842,5nn6,5.52
1843,6dgl,5.52
1844,5dus,5.53
1845,1bjv,5.54
1846,2olb,5.54
1847,2y7i,5.54
1848,3bxf,5.54
1849,3jyr,5.54
1850,3ubd,5.54
1851,3v78,5.54
1852,4nxu,5.54
1853,4qij,5.54
1854,4r4c,5.54
1855,5a81,5.54
1856,1g3d,5.55
1857,1njc,5.55
1858,1y3n,5.55
1859,2iuz,5.55
1860,3uzj,5.55
1861,4pqa,5.55
1862,5gja,5.55
1863,5vd3,5.55
1864,6bs4,5.55
1865,6ouv,5.55
1866,4o3f,5.56
1867,6mxc,5.56
1868,1jak,5.57
1869,1njd,5.57
1870,2nmx,5.57
1871,3bex,5.57
1872,3coz,5.57
1873,3uxl,5.57
1874,3vtr,5.57
1875,6i12,5.57
1876,3jup,5.58
1877,3su5,5.58
1878,1f4x,5.59
1879,1fo0,5.59
1880,1mfi,5.59
1881,3sha,5.59
1882,4bqh,5.59
1883,4cwn,5.59
1884,4tkb,5.59
1885,5afv,5.59
1886,5n9r,5.59
1887,5t9w,5.59
1888,6fnr,5.59
1889,6t1o,5.59
1890,1vfn,5.6
1891,2wca,5.6
1892,2yhw,5.6
1893,3bl1,5.6
1894,3e6y,5.6
1895,3qps,5.6
1896,4zzy,5.6
1897,6h1d,5.6
1898,3u5j,5.61
1899,6n3v,5.61
1900,1ejn,5.62
1901,2bmk,5.62
1902,3e3c,5.62
1903,3ip9,5.62
1904,3ldp,5.62
1905,3lpl,5.62
1906,3nes,5.62
1907,4dzy,5.62
1908,4iid,5.62
1909,4j48,5.62
1910,5wgp,5.62
1911,6h29,5.62
1912,6j3o,5.62
1913,3gy3,5.63
1914,3rf5,5.63
1915,5d0c,5.63
1916,5jq5,5.63
1917,1f57,5.64
1918,1y3v,5.64
1919,1z9g,5.64
1920,2ojg,5.64
1921,2reg,5.64
1922,3fwv,5.64
1923,3n86,5.64
1924,3s8l,5.64
1925,4deu,5.64
1926,6ets,5.64
1927,6j0g,5.64
1928,3q7q,5.65
1929,1n5r,5.66
1930,1nhu,5.66
1931,2aod,5.66
1932,2erz,5.66
1933,2x97,5.66
1934,3ery,5.66
1935,3td4,5.66
1936,3zi8,5.66
1937,4zek,5.66
1938,5c28,5.66
1939,5g5z,5.66
1940,6cjv,5.66
1941,6jaw,5.66
1942,6pi6,5.66
1943,2h15,5.67
1944,2pqz,5.67
1945,2qwf,5.67
1946,4ncn,5.67
1947,5ouh,5.67
1948,6f28,5.67
1949,6gon,5.67
1950,1gnn,5.68
1951,2c92,5.68
1952,2cbu,5.68
1953,2q8z,5.68
1954,2uyq,5.68
1955,3oil,5.68
1956,4c52,5.68
1957,4det,5.68
1958,4l4z,5.68
1959,4q9y,5.68
1960,5n18,5.68
1961,5o2d,5.68
1962,6qge,5.68
1963,6bdy,5.69
1964,1a99,5.7
1965,1egh,5.7
1966,1g98,5.7
1967,1jsv,5.7
1968,1n1m,5.7
1969,1pgp,5.7
1970,2a14,5.7
1971,2avm,5.7
1972,2f2h,5.7
1973,2h3e,5.7
1974,2i4z,5.7
1975,2ya6,5.7
1976,3acx,5.7
1977,3c4h,5.7
1978,3d4y,5.7
1979,3fhb,5.7
1980,3kku,5.7
1981,4bs0,5.7
1982,4f39,5.7
1983,4j28,5.7
1984,4l2l,5.7
1985,4pzv,5.7
1986,5dlx,5.7
1987,5lz4,5.7
1988,5mro,5.7
1989,6f9g,5.7
1990,6hd6,5.7
1991,6jay,5.7
1992,6n8x,5.7
1993,6o5g,5.7
1994,2uz9,5.71
1995,3wvm,5.71
1996,6q60,5.71
1997,2qg0,5.72
1998,2v25,5.72
1999,3jvr,5.72
2000,3shc,5.72
2001,4br3,5.72
2002,4dkp,5.72
2003,4zw6,5.72
2004,6eyt,5.72
2005,3bqc,5.73
2006,3m3z,5.73
2007,4j44,5.73
2008,1o33,5.74
2009,1o5e,5.74
2010,1qy2,5.74
2011,1zdp,5.74
2012,2pgz,5.74
2013,2pqc,5.74
2014,3gy2,5.74
2015,3ivx,5.74
2016,3pb7,5.74
2017,3wz7,5.74
2018,4lps,5.74
2019,4o2b,5.74
2020,4tkh,5.74
2021,5cbr,5.74
2022,5eis,5.74
2023,5mwh,5.74
2024,5om7,5.74
2025,5ota,5.74
2026,5u4b,5.74
2027,6mh7,5.74
2028,2ya8,5.75
2029,4mn3,5.75
2030,5zdb,5.75
2031,6e6m,5.75
2032,6i8t,5.75
2033,1p1o,5.76
2034,2qta,5.76
2035,4a95,5.76
2036,4muv,5.76
2037,4nwc,5.76
2038,6jav,5.76
2039,1jmf,5.77
2040,1ur9,5.77
2041,2boj,5.77
2042,2xp7,5.77
2043,3k00,5.77
2044,3rm4,5.77
2045,4fxq,5.77
2046,4j45,5.77
2047,4q9o,5.77
2048,5fsn,5.77
2049,5nw7,5.77
2050,5zym,5.77
2051,6eij,5.77
2052,4l4v,5.78
2053,1hmt,5.79
2054,2y5h,5.79
2055,4q4q,5.79
2056,5mo8,5.79
2057,5n31,5.79
2058,6jan,5.79
2059,1kpm,5.8
2060,1ppm,5.8
2061,2q88,5.8
2062,4ezx,5.8
2063,4g8v,5.8
2064,4rhx,5.8
2065,4ymq,5.8
2066,4ysl,5.8
2067,5oei,5.8
2068,6czf,5.8
2069,6eog,5.8
2070,6mnc,5.8
2071,1lkl,5.81
2072,6ey8,5.81
2073,6n3w,5.81
2074,1hdq,5.82
2075,1kav,5.82
2076,1ols,5.82
2077,2nn1,5.82
2078,3b7i,5.82
2079,3gss,5.82
2080,3iue,5.82
2081,3qqa,5.82
2082,3qqs,5.82
2083,3wz8,5.82
2084,4dld,5.82
2085,4e9u,5.82
2086,4lj8,5.82
2087,4p5d,5.82
2088,4r4o,5.82
2089,4rqk,5.82
2090,4z84,5.82
2091,4zec,5.82
2092,5d2r,5.82
2093,5tb6,5.82
2094,6bs3,5.82
2095,6ced,5.82
2096,6ftp,5.82
2097,6i14,5.82
2098,4do5,5.83
2099,4km2,5.84
2100,5dw2,5.84
2101,6bm5,5.84
2102,1k4g,5.85
2103,1o2w,5.85
2104,1ogz,5.85
2105,1q54,5.85
2106,1qbn,5.85
2107,1u1w,5.85
2108,2pu1,5.85
2109,2r3t,5.85
2110,2vmf,5.85
2111,2z94,5.85
2112,3e5u,5.85
2113,3ehy,5.85
2114,4b6r,5.85
2115,4des,5.85
2116,4qdk,5.85
2117,4rww,5.85
2118,5egu,5.85
2119,5eng,5.85
2120,5lso,5.85
2121,5mme,5.85
2122,5ndf,5.85
2123,5oq8,5.85
2124,6d18,5.85
2125,6pvv,5.85
2126,4azc,5.86
2127,4jne,5.86
2128,4xya,5.86
2129,3tcg,5.87
2130,5eh5,5.87
2131,5lif,5.87
2132,5za7,5.87
2133,6gj8,5.87
2134,4cfl,5.88
2135,4zei,5.88
2136,6fmc,5.88
2137,1b3l,5.89
2138,1e1x,5.89
2139,1ydk,5.89
2140,2brm,5.89
2141,2tmn,5.89
2142,3eeb,5.89
2143,3h1x,5.89
2144,3qgw,5.89
2145,3uev,5.89
2146,4arb,5.89
2147,4de0,5.89
2148,4wk1,5.89
2149,5fsy,5.89
2150,5t8p,5.89
2151,6dpx,5.89
2152,6eq2,5.89
2153,1v2n,5.9
2154,2weq,5.9
2155,3old,5.9
2156,5fhn,5.9
2157,5lvl,5.9
2158,6md0,5.9
2159,1ugx,5.91
2160,3ebp,5.91
2161,4csd,5.91
2162,5cp5,5.91
2163,6ey9,5.91
2164,1a4w,5.92
2165,1jao,5.92
2166,1kyv,5.92
2167,1ndv,5.92
2168,1o0h,5.92
2169,1pph,5.92
2170,1qf2,5.92
2171,1qka,5.92
2172,1yds,5.92
2173,1yet,5.92
2174,2ans,5.92
2175,2xn3,5.92
2176,3kgu,5.92
2177,3neo,5.92
2178,3r4m,5.92
2179,3zv7,5.92
2180,4kyh,5.92
2181,4lkk,5.92
2182,4rdn,5.92
2183,4u0f,5.92
2184,4y5d,5.92
2185,5ivc,5.92
2186,5owl,5.92
2187,6eux,5.92
2188,6gw4,5.92
2189,6mh1,5.92
2190,6r8w,5.92
2191,1fv0,5.93
2192,6ej3,5.93
2193,1kv1,5.94
2194,3lmk,5.94
2195,4mr3,5.94
2196,4ra1,5.94
2197,5y13,5.94
2198,2weh,5.95
2199,5a6k,5.95
2200,6epa,5.95
2201,6fz4,5.95
2202,1b9j,5.96
2203,1d6w,5.96
2204,1nl9,5.96
2205,1o36,5.96
2206,1q8u,5.96
2207,2j79,5.96
2208,2xht,5.96
2209,3wz6,5.96
2210,4d4d,5.96
2211,4de1,5.96
2212,4msc,5.96
2213,4w9i,5.96
2214,4zw8,5.96
2215,5od1,5.96
2216,5ovc,5.96
2217,5ttw,5.96
2218,5umx,5.96
2219,5vcw,5.96
2220,6d9s,5.96
2221,6eqp,5.96
2222,1uwt,5.97
2223,4fm8,5.97
2224,4nkt,5.97
2225,4tjz,5.97
2226,4yx4,5.97
2227,1uwu,5.98
2228,6jb4,5.98
2229,3e12,5.99
2230,3huc,5.99
2231,4az5,5.99
2232,6jbb,5.99
2233,1a1e,6.0
2234,1ado,6.0
2235,1c5s,6.0
2236,1ceb,6.0
2237,1d2e,6.0
2238,1f0t,6.0
2239,1jq8,6.0
2240,1ssq,6.0
2241,1xk5,6.0
2242,2bvd,6.0
2243,2gh9,6.0
2244,2izl,6.0
2245,2r43,6.0
2246,2rcn,6.0
2247,2vqt,6.0
2248,2wf5,6.0
2249,3ddg,6.0
2250,3l4w,6.0
2251,3nex,6.0
2252,3ucj,6.0
2253,3uil,6.0
2254,4bb9,6.0
2255,4kwg,6.0
2256,4p3h,6.0
2257,4rr6,6.0
2258,5f0f,6.0
2259,5f1r,6.0
2260,5j82,6.0
2261,5kcb,6.0
2262,5vd1,6.0
2263,6f90,6.0
2264,6qgf,6.0
2265,1b5h,6.01
2266,1eb2,6.01
2267,2vl4,6.01
2268,4b6s,6.01
2269,5mmg,6.01
2270,5uez,6.01
2271,3coy,6.02
2272,3f3c,6.02
2273,3su6,6.02
2274,3zq9,6.02
2275,4og4,6.02
2276,5er1,6.02
2277,5oht,6.02
2278,5yhg,6.02
2279,1okl,6.03
2280,1os0,6.03
2281,1sh9,6.03
2282,1t7d,6.03
2283,2ce9,6.03
2284,4f9u,6.03
2285,4zb8,6.03
2286,5cso,6.03
2287,1xbo,6.04
2288,4km0,6.04
2289,4nuc,6.04
2290,4tkj,6.04
2291,6g3v,6.04
2292,6hm1,6.04
2293,6ic2,6.04
2294,1eoc,6.05
2295,3bgb,6.05
2296,3iss,6.05
2297,3ouj,6.05
2298,3pcf,6.05
2299,4ara,6.05
2300,4kqp,6.05
2301,4m12,6.05
2302,5g2g,6.05
2303,5n0f,6.05
2304,6eln,6.05
2305,1g7q,6.06
2306,1kjr,6.06
2307,1qb6,6.06
2308,2fxs,6.06
2309,2nnd,6.06
2310,3sfg,6.06
2311,4io3,6.06
2312,4l50,6.06
2313,5d3l,6.06
2314,5jhb,6.06
2315,6ge7,6.06
2316,1jmg,6.07
2317,2gst,6.07
2318,2w5g,6.07
2319,3b25,6.07
2320,3c89,6.07
2321,3fvl,6.07
2322,3owj,6.07
2323,6uh0,6.07
2324,1nhz,6.08
2325,2wc3,6.08
2326,2wej,6.08
2327,3bkk,6.08
2328,3iw5,6.08
2329,4kp5,6.08
2330,5h9r,6.08
2331,5u0y,6.08
2332,6qz5,6.08
2333,1o2n,6.09
2334,1ogx,6.09
2335,1w9u,6.09
2336,3p8z,6.09
2337,5d26,6.09
2338,5e7n,6.09
2339,5fso,6.09
2340,6dsp,6.09
2341,6eed,6.09
2342,6hpw,6.09
2343,1azm,6.1
2344,1dzk,6.1
2345,1lgt,6.1
2346,1m2q,6.1
2347,2e7f,6.1
2348,2ewb,6.1
2349,2flr,6.1
2350,2p7a,6.1
2351,2wed,6.1
2352,2yay,6.1
2353,3c8b,6.1
2354,3cke,6.1
2355,3v2n,6.1
2356,4gah,6.1
2357,4kxn,6.1
2358,4kzq,6.1
2359,4l19,6.1
2360,4r5t,6.1
2361,5efh,6.1
2362,6mlo,6.1
2363,1g32,6.11
2364,1m2p,6.11
2365,1o2z,6.11
2366,2qnq,6.11
2367,4kao,6.11
2368,4m7j,6.11
2369,4tqn,6.11
2370,5f1x,6.11
2371,5kax,6.11
2372,6b4d,6.11
2373,6hq7,6.11
2374,1nc1,6.12
2375,1x8r,6.12
2376,2fgv,6.12
2377,2p2a,6.12
2378,2wvt,6.12
2379,3qfy,6.12
2380,4ayp,6.12
2381,4hp0,6.12
2382,4k4j,6.12
2383,6fmj,6.12
2384,6ugn,6.12
2385,6j72,6.13
2386,2c97,6.14
2387,2fqt,6.14
2388,2zym,6.14
2389,4zx1,6.14
2390,5nk9,6.14
2391,5u49,6.14
2392,1u0g,6.15
2393,1zs0,6.15
2394,2r75,6.15
2395,3arw,6.15
2396,4f6u,6.15
2397,5dit,6.15
2398,5ftg,6.15
2399,5wxh,6.15
2400,6eq3,6.15
2401,6g98,6.15
2402,6guk,6.15
2403,6mu3,6.15
2404,1ppc,6.16
2405,2i4j,6.16
2406,4o04,6.16
2407,5nwi,6.16
2408,6ugp,6.16
2409,1a9q,6.17
2410,1d6v,6.17
2411,1k1o,6.17
2412,1ndy,6.17
2413,1yc1,6.17
2414,3bkl,6.17
2415,3hk1,6.17
2416,4aq4,6.17
2417,4b9k,6.17
2418,4fht,6.17
2419,4pfu,6.17
2420,5fnt,6.17
2421,6r8l,6.17
2422,1xhy,6.18
2423,3c8a,6.18
2424,3w9r,6.18
2425,4q6e,6.18
2426,1iy7,6.19
2427,1tq4,6.19
2428,1v2k,6.19
2429,2bt9,6.19
2430,2qbu,6.19
2431,3u5l,6.19
2432,4wrb,6.19
2433,5u0z,6.19
2434,1owe,6.2
2435,1sqt,6.2
2436,2aj8,6.2
2437,4ad2,6.2
2438,4k6i,6.2
2439,4ufi,6.2
2440,1b3h,6.21
2441,3s8n,6.21
2442,3sug,6.21
2443,4cg9,6.21
2444,4mul,6.21
2445,4ymb,6.21
2446,5en3,6.21
2447,5vyy,6.21
2448,1l8g,6.22
2449,2xda,6.22
2450,3acl,6.22
2451,3ip5,6.22
2452,3lpp,6.22
2453,3p2e,6.22
2454,3pd9,6.22
2455,4bqg,6.22
2456,4m0e,6.22
2457,4mdn,6.22
2458,4nja,6.22
2459,6eiz,6.22
2460,6gjn,6.22
2461,6hgi,6.22
2462,1m7d,6.23
2463,4w9j,6.23
2464,5wa8,6.23
2465,5y12,6.23
2466,6qr4,6.23
2467,3vh9,6.24
2468,5lwd,6.24
2469,6eir,6.24
2470,6hh3,6.24
2471,6i61,6.24
2472,1gnm,6.25
2473,2o4z,6.25
2474,2zdn,6.25
2475,3rf4,6.25
2476,4bcp,6.25
2477,1wcq,6.26
2478,3bgz,6.26
2479,3su4,6.26
2480,4r4t,6.26
2481,4ua8,6.26
2482,4wiv,6.26
2483,5oku,6.26
2484,6f1n,6.26
2485,1pbq,6.27
2486,2j94,6.27
2487,3bfu,6.27
2488,4f0c,6.27
2489,4r4i,6.27
2490,6ugr,6.27
2491,1afl,6.28
2492,1atl,6.28
2493,1w3l,6.28
2494,2aog,6.28
2495,4djw,6.28
2496,4q99,6.28
2497,4rd6,6.28
2498,4zb6,6.28
2499,5ia1,6.28
2500,5ix0,6.28
2501,5lz7,6.28
2502,5nz4,6.28
2503,2xyt,6.29
2504,3f48,6.29
2505,3h8b,6.29
2506,3v2q,6.29
2507,4d8z,6.29
2508,4lj5,6.29
2509,4n7u,6.29
2510,4r06,6.29
2511,5za8,6.29
2512,6elo,6.29
2513,6o5a,6.29
2514,1d4p,6.3
2515,1lag,6.3
2516,1wdn,6.3
2517,1wm1,6.3
2518,2oi2,6.3
2519,2q89,6.3
2520,2vrj,6.3
2521,3ebl,6.3
2522,3k5v,6.3
2523,3t70,6.3
2524,4e1k,6.3
2525,4eor,6.3
2526,4etz,6.3
2527,4oag,6.3
2528,4pow,6.3
2529,4q08,6.3
2530,5d25,6.3
2531,5dhu,6.3
2532,5htl,6.3
2533,6qgg,6.3
2534,1nja,6.31
2535,2bal,6.31
2536,2pvu,6.31
2537,3q44,6.31
2538,3u93,6.31
2539,3uew,6.31
2540,4cpy,6.31
2541,4d1j,6.31
2542,4der,6.31
2543,5gmh,6.31
2544,5wij,6.31
2545,1w3j,6.32
2546,2wnc,6.32
2547,2zb1,6.32
2548,3ebh,6.32
2549,3w9k,6.32
2550,5ekm,6.32
2551,5meh,6.32
2552,6pvw,6.32
2553,6rot,6.32
2554,6upj,6.32
2555,1ex8,6.33
2556,2qbr,6.33
2557,4nbl,6.33
2558,4zvi,6.33
2559,5mrb,6.33
2560,5nk7,6.33
2561,5u4d,6.33
2562,1bdq,6.34
2563,1w9v,6.34
2564,1xq0,6.34
2565,3cj5,6.34
2566,3zk6,6.34
2567,4muf,6.34
2568,4z0k,6.34
2569,5kbe,6.34
2570,5m04,6.34
2571,6d5j,6.34
2572,1cbx,6.35
2573,1gjc,6.35
2574,2j7f,6.35
2575,2p09,6.35
2576,3ckp,6.35
2577,3ctt,6.35
2578,3ed0,6.35
2579,3fvh,6.35
2580,3rt8,6.35
2581,5ivv,6.35
2582,5lz5,6.35
2583,5vcz,6.35
2584,6cvf,6.35
2585,1c5q,6.36
2586,1ela,6.36
2587,1o2o,6.36
2588,3oku,6.36
2589,3t6b,6.36
2590,3v2p,6.36
2591,5ant,6.36
2592,5d3x,6.36
2593,5ucj,6.36
2594,5xo7,6.36
2595,1gx8,6.37
2596,1hbv,6.37
2597,1hms,6.37
2598,2qpq,6.37
2599,2w9h,6.37
2600,2zdk,6.37
2601,3qlm,6.37
2602,5d0r,6.37
2603,5vb6,6.37
2604,6u8b,6.37
2605,2hkf,6.38
2606,4yyt,6.38
2607,5nya,6.38
2608,5v7a,6.38
2609,6equ,6.38
2610,4q4p,6.39
2611,5nze,6.39
2612,6csq,6.39
2613,6gf9,6.39
2614,6hoq,6.39
2615,10gs,6.4
2616,1g7v,6.4
2617,1i7z,6.4
2618,1igb,6.4
2619,1usk,6.4
2620,1yvm,6.4
2621,2y8c,6.4
2622,2zdl,6.4
2623,3arq,6.4
2624,3k1j,6.4
2625,3kmc,6.4
2626,3s72,6.4
2627,3tf6,6.4
2628,3zll,6.4
2629,4cga,6.4
2630,4eu0,6.4
2631,4je7,6.4
2632,4mss,6.4
2633,4xy8,6.4
2634,5g61,6.4
2635,5hz8,6.4
2636,5l8y,6.4
2637,5uk8,6.4
2638,6f92,6.4
2639,6g5u,6.4
2640,6gvz,6.4
2641,6idb,6.4
2642,1syh,6.41
2643,2cgf,6.41
2644,2qnp,6.41
2645,2xxx,6.41
2646,2zdm,6.41
2647,3k5x,6.41
2648,3r17,6.41
2649,5ihh,6.41
2650,5jxn,6.41
2651,5v79,6.41
2652,6i65,6.41
2653,6py0,6.41
2654,1o5a,6.42
2655,2j78,6.42
2656,3d2e,6.42
2657,4ufh,6.42
2658,5x62,6.42
2659,6eiq,6.42
2660,6j1l,6.42
2661,1fh9,6.43
2662,2b07,6.43
2663,2fqo,6.43
2664,4d3h,6.43
2665,4ge1,6.43
2666,4q4r,6.43
2667,6eeo,6.43
2668,6g9u,6.43
2669,6m8q,6.43
2670,6rtw,6.43
2671,2jh5,6.44
2672,2pvm,6.44
2673,3pfp,6.44
2674,4da5,6.44
2675,4ea2,6.44
2676,4jfk,6.44
2677,4q3u,6.44
2678,5ivy,6.44
2679,5ny1,6.44
2680,5w44,6.44
2681,6hqy,6.44
2682,6qr3,6.44
2683,3qw5,6.45
2684,4kwo,6.45
2685,5fut,6.45
2686,5jss,6.45
2687,1m2r,6.46
2688,1r5y,6.46
2689,1ro6,6.46
2690,2xd9,6.46
2691,2xdx,6.46
2692,3o8p,6.46
2693,3pd8,6.46
2694,4m0y,6.46
2695,4n07,6.46
2696,4ymh,6.46
2697,5dbm,6.46
2698,5efj,6.46
2699,5iwg,6.46
2700,5uc4,6.46
2701,5vb5,6.46
2702,6epy,6.46
2703,6qi7,6.46
2704,1j01,6.47
2705,3cm2,6.47
2706,3s78,6.47
2707,3tfp,6.47
2708,4mhy,6.47
2709,4mq6,6.47
2710,4rd3,6.47
2711,4zji,6.47
2712,5j8u,6.47
2713,5mes,6.47
2714,6b4l,6.47
2715,6np3,6.47
2716,1f4g,6.48
2717,1gpn,6.48
2718,1rpj,6.48
2719,2wnj,6.48
2720,3g3r,6.48
2721,3gsm,6.48
2722,4e67,6.48
2723,4q3t,6.48
2724,5yyf,6.48
2725,6fe0,6.48
2726,6ql1,6.48
2727,1dl7,6.49
2728,3bft,6.49
2729,3mho,6.49
2730,3nw3,6.49
2731,3s0b,6.49
2732,4hw3,6.49
2733,5cu4,6.49
2734,5i2f,6.49
2735,5nw2,6.49
2736,5tuo,6.49
2737,5vd0,6.49
2738,6ftw,6.49
2739,6q54,6.49
2740,2weg,6.5
2741,3bwj,6.5
2742,4kzu,6.5
2743,4mme,6.5
2744,4oc0,6.5
2745,4yxi,6.5
2746,6o5t,6.5
2747,6rfw,6.5
2748,2usn,6.51
2749,2xjj,6.51
2750,3cj4,6.51
2751,3hf8,6.51
2752,3wmc,6.51
2753,4zbi,6.51
2754,5jvi,6.51
2755,5t8o,6.51
2756,6faf,6.51
2757,6if0,6.51
2758,6nyv,6.51
2759,1alw,6.52
2760,1g74,6.52
2761,1k9s,6.52
2762,1qy1,6.52
2763,1zhy,6.52
2764,2h4g,6.52
2765,2nn7,6.52
2766,2nt7,6.52
2767,2oxy,6.52
2768,2zft,6.52
2769,3bva,6.52
2770,3dx3,6.52
2771,3hzv,6.52
2772,3o9p,6.52
2773,3uo4,6.52
2774,4dko,6.52
2775,4dkr,6.52
2776,4uj1,6.52
2777,4zeb,6.52
2778,5g60,6.52
2779,5nw0,6.52
2780,6iez,6.52
2781,2p7g,6.53
2782,3wtj,6.53
2783,1drv,6.54
2784,1o3l,6.54
2785,2h21,6.54
2786,2zfs,6.54
2787,3d0b,6.54
2788,3fuz,6.54
2789,3jvs,6.54
2790,3sr4,6.54
2791,4a4v,6.54
2792,4aqh,6.54
2793,4ht2,6.54
2794,4leq,6.54
2795,4pv5,6.54
2796,4rfr,6.54
2797,4uac,6.54
2798,4w9k,6.54
2799,5cqu,6.54
2800,6gfs,6.54
2801,6u8o,6.54
2802,1dhj,6.55
2803,1hmr,6.55
2804,1hp5,6.55
2805,1n4h,6.55
2806,1yc4,6.55
2807,1yda,6.55
2808,2bok,6.55
2809,2xxr,6.55
2810,3s0e,6.55
2811,4iue,6.55
2812,4og3,6.55
2813,5sym,6.55
2814,5tpx,6.55
2815,6e5t,6.55
2816,2zq2,6.56
2817,4db7,6.56
2818,4lbu,6.56
2819,5oaj,6.56
2820,6f3b,6.56
2821,1sld,6.57
2822,2fqy,6.57
2823,2hzl,6.57
2824,2pwc,6.57
2825,3ove,6.57
2826,3qox,6.57
2827,3tfn,6.57
2828,4fs4,6.57
2829,5er2,6.57
2830,5evz,6.57
2831,5g1a,6.57
2832,5vcy,6.57
2833,6ecz,6.57
2834,1k1i,6.58
2835,2p7z,6.58
2836,3pb9,6.58
2837,4cd4,6.58
2838,1b58,6.59
2839,1fiv,6.59
2840,1izi,6.59
2841,2e91,6.59
2842,2pvh,6.59
2843,2pwr,6.59
2844,3gs6,6.59
2845,3t8v,6.59
2846,4qnb,6.59
2847,4xas,6.59
2848,5ew0,6.59
2849,5l4i,6.59
2850,5vja,6.59
2851,6fag,6.59
2852,1b38,6.6
2853,1g7g,6.6
2854,1jzs,6.6
2855,2euk,6.6
2856,2f7p,6.6
2857,2j4g,6.6
2858,2jdp,6.6
2859,2wly,6.6
2860,3dln,6.6
2861,3ip6,6.6
2862,3lxe,6.6
2863,3v3q,6.6
2864,4dkq,6.6
2865,4h75,6.6
2866,4mr6,6.6
2867,4oc1,6.6
2868,4x8o,6.6
2869,4zzd,6.6
2870,5i88,6.6
2871,5l7e,6.6
2872,5nw1,6.6
2873,5z7j,6.6
2874,6d5g,6.6
2875,6eis,6.6
2876,6i17,6.6
2877,5o87,6.61
2878,6d19,6.61
2879,6fsy,6.61
2880,1afk,6.62
2881,1ii5,6.62
2882,2ews,6.62
2883,2j7b,6.62
2884,2jgs,6.62
2885,2vwc,6.62
2886,3ljo,6.62
2887,3ozp,6.62
2888,4btk,6.62
2889,4er1,6.62
2890,4gfo,6.62
2891,4mpn,6.62
2892,4rd0,6.62
2893,6eqv,6.62
2894,6g38,6.62
2895,2x7t,6.63
2896,2yfe,6.63
2897,3f8f,6.63
2898,4k77,6.63
2899,4lyw,6.63
2900,4xip,6.63
2901,5jt9,6.63
2902,6b97,6.63
2903,6elp,6.63
2904,1lcp,6.64
2905,1sln,6.64
2906,2b1g,6.64
2907,2d3z,6.64
2908,2za0,6.64
2909,3b26,6.64
2910,3fee,6.64
2911,5i2e,6.64
2912,5ko1,6.64
2913,5nk8,6.64
2914,2j75,6.65
2915,3mzc,6.65
2916,4yha,6.65
2917,6cwn,6.65
2918,1a4r,6.66
2919,1cps,6.66
2920,1elc,6.66
2921,1pxp,6.66
2922,1wur,6.66
2923,2xj7,6.66
2924,2yz3,6.66
2925,3pwd,6.66
2926,3zj6,6.66
2927,4v27,6.66
2928,5cy9,6.66
2929,5nxi,6.66
2930,5wyx,6.66
2931,6dar,6.66
2932,6idg,6.66
2933,3g19,6.67
2934,5fho,6.67
2935,5op5,6.67
2936,6b1k,6.67
2937,6bbx,6.67
2938,6plf,6.67
2939,1c5x,6.68
2940,1mai,6.68
2941,2fqw,6.68
2942,2iwx,6.68
2943,2qbs,6.68
2944,3o75,6.68
2945,3su1,6.68
2946,3zhx,6.68
2947,4ca8,6.68
2948,4ew2,6.68
2949,5o4f,6.68
2950,6ayi,6.68
2951,2jew,6.69
2952,2xn5,6.69
2953,5a6x,6.69
2954,5fs5,6.69
2955,5yhe,6.69
2956,5z66,6.69
2957,1b0h,6.7
2958,1b3g,6.7
2959,1eld,6.7
2960,1f3e,6.7
2961,1koj,6.7
2962,1nki,6.7
2963,2a5s,6.7
2964,2evl,6.7
2965,2oxx,6.7
2966,2py4,6.7
2967,3eko,6.7
2968,3hzk,6.7
2969,3mhi,6.7
2970,3pck,6.7
2971,3pgu,6.7
2972,3t60,6.7
2973,3t64,6.7
2974,4ewn,6.7
2975,4f09,6.7
2976,4io2,6.7
2977,4jyc,6.7
2978,4jz1,6.7
2979,4m13,6.7
2980,4m14,6.7
2981,4o2p,6.7
2982,5g17,6.7
2983,5g5v,6.7
2984,5nvv,6.7
2985,6ebe,6.7
2986,6i67,6.7
2987,6n9l,6.7
2988,6rfn,6.7
2989,2f94,6.71
2990,4cd5,6.71
2991,4pvy,6.71
2992,5odx,6.71
2993,5op4,6.71
2994,5tt3,6.71
2995,6ghh,6.71
2996,1rbp,6.72
2997,2jdu,6.72
2998,2vpn,6.72
2999,2xc0,6.72
3000,3aqt,6.72
3001,3gst,6.72
3002,3l4v,6.72
3003,3l4z,6.72
3004,4djv,6.72
3005,4flp,6.72
3006,4i74,6.72
3007,4o0a,6.72
3008,5o58,6.72
3009,5vb7,6.72
3010,5wa5,6.72
3011,5ya5,6.72
3012,5zhl,6.72
3013,6fo5,6.72
3014,6qr9,6.72
3015,1wvj,6.73
3016,4pum,6.73
3017,4r5b,6.73
3018,4w9h,6.73
3019,5am6,6.73
3020,5ia0,6.73
3021,5js3,6.73
3022,1add,6.74
3023,1usi,6.74
3024,2x91,6.74
3025,2zc9,6.74
3026,2zgx,6.74
3027,3dgo,6.74
3028,3fzy,6.74
3029,3m67,6.74
3030,3oim,6.74
3031,4ca6,6.74
3032,4ew3,6.74
3033,4f9y,6.74
3034,4lxz,6.74
3035,5j27,6.74
3036,5nk2,6.74
3037,5za9,6.74
3038,6i66,6.74
3039,6i8y,6.74
3040,6qqz,6.74
3041,3ikd,6.75
3042,4cwt,6.75
3043,6faa,6.75
3044,2on6,6.76
3045,4pvx,6.76
3046,5wa9,6.76
3047,6f9v,6.76
3048,1o30,6.77
3049,1o3j,6.77
3050,1om1,6.77
3051,1ony,6.77
3052,1qb1,6.77
3053,3fas,6.77
3054,3fvn,6.77
3055,3m40,6.77
3056,4cwp,6.77
3057,4loi,6.77
3058,4x48,6.77
3059,5ayt,6.77
3060,5fh8,6.77
3061,5nvw,6.77
3062,6g2o,6.77
3063,3gcu,6.78
3064,5yh8,6.78
3065,5zaf,6.78
3066,6g7a,6.78
3067,6sbt,6.78
3068,2rcb,6.79
3069,3su0,6.79
3070,4ogj,6.79
3071,5y94,6.79
3072,6s4n,6.79
3073,1fl3,6.8
3074,1nq7,6.8
3075,1p1n,6.8
3076,2xhm,6.8
3077,3c88,6.8
3078,3fx6,6.8
3079,3s2v,6.8
3080,5j8m,6.8
3081,5nk6,6.8
3082,6i62,6.8
3083,6np2,6.8
3084,2uwp,6.81
3085,5zae,6.81
3086,1drk,6.82
3087,1fhd,6.82
3088,1jeu,6.82
3089,1k1n,6.82
3090,1lrh,6.82
3091,1o38,6.82
3092,1uwf,6.82
3093,2b1i,6.82
3094,2c94,6.82
3095,2oxd,6.82
3096,2pym,6.82
3097,2rfh,6.82
3098,2v8w,6.82
3099,2xyd,6.82
3100,2zq0,6.82
3101,3dx2,6.82
3102,3m3x,6.82
3103,3s75,6.82
3104,4nue,6.82
3105,4qy3,6.82
3106,5exw,6.82
3107,5vcv,6.82
3108,2xnb,6.83
3109,6e7r,6.83
3110,1bhx,6.84
3111,2y5g,6.84
3112,3ewj,6.84
3113,4kn1,6.84
3114,5cep,6.84
3115,6csr,6.84
3116,1ele,6.85
3117,1g30,6.85
3118,1lkk,6.85
3119,1os5,6.85
3120,1q72,6.85
3121,1qyg,6.85
3122,1xk9,6.85
3123,1xt8,6.85
3124,3n76,6.85
3125,3pn4,6.85
3126,3s8o,6.85
3127,4k3h,6.85
3128,5f1v,6.85
3129,5ie1,6.85
3130,5j64,6.85
3131,6d5e,6.85
3132,6fnj,6.85
3133,3aid,6.86
3134,3pyy,6.86
3135,5dx4,6.86
3136,5fh7,6.86
3137,1cgl,6.87
3138,2zcr,6.87
3139,3tmk,6.87
3140,4mhz,6.87
3141,4re4,6.87
3142,4rvr,6.87
3143,5j0d,6.87
3144,5nih,6.87
3145,5vr8,6.87
3146,6gl9,6.87
3147,1xka,6.88
3148,3oe5,6.88
3149,4bco,6.88
3150,5z99,6.88
3151,6el5,6.88
3152,1b3f,6.89
3153,1fh8,6.89
3154,1jev,6.89
3155,1sb1,6.89
3156,1uz1,6.89
3157,2bfq,6.89
3158,2dri,6.89
3159,2e92,6.89
3160,2f34,6.89
3161,2r3w,6.89
3162,2vk2,6.89
3163,3hu3,6.89
3164,3jya,6.89
3165,3l4x,6.89
3166,3r4n,6.89
3167,4g4p,6.89
3168,4x8v,6.89
3169,6e7t,6.89
3170,6glb,6.89
3171,1k1l,6.9
3172,3cow,6.9
3173,3gbb,6.9
3174,3uyr,6.9
3175,4zzx,6.9
3176,3evd,6.91
3177,4bcm,6.91
3178,5cqt,6.91
3179,1a9m,6.92
3180,1k6v,6.92
3181,1o2j,6.92
3182,1pkx,6.92
3183,1swr,6.92
3184,2d3u,6.92
3185,2uy0,6.92
3186,3bl0,6.92
3187,3lir,6.92
3188,3r1v,6.92
3189,3uex,6.92
3190,3wto,6.92
3191,4qtl,6.92
3192,5d45,6.92
3193,5ymx,6.92
3194,6c9v,6.92
3195,6d5h,6.92
3196,6e7u,6.92
3197,6qr0,6.92
3198,2weo,6.93
3199,4f9w,6.94
3200,4rn4,6.94
3201,4xir,6.94
3202,1tcx,6.95
3203,4k9y,6.95
3204,4q4s,6.95
3205,1atr,6.96
3206,1c5c,6.96
3207,1gvw,6.96
3208,1oyq,6.96
3209,1x8j,6.96
3210,3exe,6.96
3211,3pn1,6.96
3212,4cg8,6.96
3213,4i54,6.96
3214,4jyb,6.96
3215,4loh,6.96
3216,4rpn,6.96
3217,5cst,6.96
3218,5yqx,6.96
3219,6pi5,6.96
3220,3t84,6.97
3221,4nj9,6.97
3222,4xar,6.97
3223,5umy,6.97
3224,5zag,6.97
3225,1my4,6.98
3226,3hv8,6.98
3227,3t83,6.98
3228,4att,6.98
3229,6eif,6.98
3230,6j3p,6.98
3231,3slz,6.99
3232,4bcs,6.99
3233,4fai,6.99
3234,1fki,7.0
3235,1fpc,7.0
3236,1gj6,7.0
3237,1zoh,7.0
3238,2gyi,7.0
3239,2j7g,7.0
3240,2wzf,7.0
3241,3bbb,7.0
3242,3drf,7.0
3243,3drg,7.0
3244,3kdm,7.0
3245,3l4y,7.0
3246,3mhm,7.0
3247,3t82,7.0
3248,3wtm,7.0
3249,3wzn,7.0
3250,3zyu,7.0
3251,4b6o,7.0
3252,4dew,7.0
3253,4fcq,7.0
3254,4riv,7.0
3255,5boj,7.0
3256,5d47,7.0
3257,5edb,7.0
3258,5fl4,7.0
3259,5g2b,7.0
3260,5l8c,7.0
3261,5l9i,7.0
3262,5mwy,7.0
3263,5sz6,7.0
3264,6eq7,7.0
3265,6haz,7.0
3266,6hr2,7.0
3267,6msy,7.0
3268,6mub,7.0
3269,3nht,7.01
3270,6fs1,7.01
3271,6hay,7.01
3272,6hhr,7.01
3273,6i63,7.01
3274,1ypj,7.02
3275,2vwl,7.02
3276,3cdb,7.02
3277,3igp,7.02
3278,3n4b,7.02
3279,3pbb,7.02
3280,6p3v,7.02
3281,1b1h,7.03
3282,2vwm,7.03
3283,4av4,7.03
3284,4ql1,7.03
3285,5epl,7.03
3286,5hz9,7.03
3287,5vsf,7.03
3288,5win,7.03
3289,3wtl,7.04
3290,3wtn,7.04
3291,4p6x,7.04
3292,6qpl,7.04
3293,1b5i,7.05
3294,1xug,7.05
3295,2bq7,7.05
3296,2jxr,7.05
3297,2wer,7.05
3298,3ahn,7.05
3299,3aho,7.05
3300,3i4y,7.05
3301,3s0d,7.05
3302,4h3j,7.05
3303,5lli,7.05
3304,5nvx,7.05
3305,6as8,7.05
3306,6c0s,7.05
3307,1ui0,7.06
3308,3po6,7.06
3309,4cwq,7.06
3310,4zzz,7.06
3311,5e2r,7.06
3312,5uxf,7.06
3313,5zc5,7.06
3314,5zyl,7.06
3315,1ydd,7.07
3316,2f9k,7.07
3317,3cl0,7.07
3318,3ryv,7.07
3319,4oc5,7.07
3320,4qew,7.07
3321,4xiq,7.07
3322,5f5z,7.07
3323,5hva,7.07
3324,5hz5,7.07
3325,5mpn,7.07
3326,1xpz,7.08
3327,2hnx,7.08
3328,3rlp,7.08
3329,4emf,7.08
3330,5l2s,7.08
3331,1lpg,7.09
3332,1yq7,7.09
3333,2bz6,7.09
3334,3f7h,7.09
3335,4c1u,7.09
3336,4ghi,7.09
3337,5gsa,7.09
3338,5k0h,7.09
3339,5y8y,7.09
3340,5zg0,7.09
3341,6hrq,7.09
3342,1b32,7.1
3343,2f7i,7.1
3344,2v57,7.1
3345,2wjg,7.1
3346,3ebi,7.1
3347,3hky,7.1
3348,3udd,7.1
3349,3zdg,7.1
3350,4azg,7.1
3351,4bny,7.1
3352,4uj2,7.1
3353,4w97,7.1
3354,4ymx,7.1
3355,5l9l,7.1
3356,5vd2,7.1
3357,6gxq,7.1
3358,6p83,7.1
3359,4zx4,7.11
3360,5ula,7.11
3361,5vc3,7.11
3362,6dpt,7.11
3363,6ht1,7.11
3364,1b05,7.12
3365,1b52,7.12
3366,1nz7,7.12
3367,1xd0,7.12
3368,1z95,7.12
3369,2pov,7.12
3370,2x2r,7.12
3371,3dx4,7.12
3372,3hww,7.12
3373,4daf,7.12
3374,4e0x,7.12
3375,5upj,7.12
3376,6o48,7.12
3377,1o3d,7.13
3378,2j7d,7.13
3379,3zc5,7.13
3380,4arw,7.13
3381,4b6p,7.13
3382,4kx8,7.13
3383,4zbf,7.13
3384,5lom,7.13
3385,5obg,7.13
3386,2pv1,7.14
3387,2vot,7.14
3388,3ffp,7.14
3389,3n7o,7.14
3390,4ks4,7.14
3391,4wov,7.14
3392,4xaq,7.14
3393,5ehr,7.14
3394,5my8,7.14
3395,6epz,7.14
3396,6fng,7.14
3397,1elb,7.15
3398,1fch,7.15
3399,1pxn,7.15
3400,1xr9,7.15
3401,1zog,7.15
3402,2fqx,7.15
3403,2qnn,7.15
3404,3arp,7.15
3405,3fql,7.15
3406,3n9r,7.15
3407,4c1t,7.15
3408,4ko8,7.15
3409,4xt2,7.15
3410,5hvs,7.15
3411,6fcj,7.15
3412,6mku,7.15
3413,6nfh,7.15
3414,6qr7,7.15
3415,1f0u,7.16
3416,3f3d,7.16
3417,4iva,7.16
3418,4o9w,7.16
3419,6u5y,7.16
3420,1g36,7.17
3421,1o2h,7.17
3422,2doo,7.17
3423,2i6b,7.17
3424,3el4,7.17
3425,3tsk,7.17
3426,4i9h,7.17
3427,4o0x,7.17
3428,5bv3,7.17
3429,5u28,7.17
3430,5v0n,7.17
3431,6g2l,7.17
3432,6hlx,7.17
3433,6htg,7.17
3434,6p9e,7.17
3435,2q63,7.18
3436,2xj2,7.18
3437,5wex,7.18
3438,6e5l,7.18
3439,1fcx,7.19
3440,1gi4,7.19
3441,1hsl,7.19
3442,1q7a,7.19
3443,1z9y,7.19
3444,2j7h,7.19
3445,3f19,7.19
3446,3gdt,7.19
3447,3nsn,7.19
3448,4app,7.19
3449,4zx3,7.19
3450,5am7,7.19
3451,5ha1,7.19
3452,5t9z,7.19
3453,6c7x,7.19
3454,6ndl,7.19
3455,2pow,7.2
3456,2pqb,7.2
3457,2xii,7.2
3458,3c79,7.2
3459,3k2f,7.2
3460,3mz6,7.2
3461,4g8n,7.2
3462,2yek,7.21
3463,3f1a,7.21
3464,3s77,7.21
3465,4av5,7.21
3466,4b73,7.21
3467,5bwc,7.21
3468,5i80,7.21
3469,5kly,7.21
3470,5zg3,7.21
3471,1gvx,7.22
3472,1lan,7.22
3473,1sw2,7.22
3474,2epn,7.22
3475,2h6t,7.22
3476,2hnc,7.22
3477,3cyz,7.22
3478,3dzt,7.22
3479,3k99,7.22
3480,3m35,7.22
3481,3m96,7.22
3482,3pcj,7.22
3483,3uz5,7.22
3484,4cra,7.22
3485,4gfm,7.22
3486,4o0y,7.22
3487,5tfx,7.22
3488,5we9,7.22
3489,6k3l,7.22
3490,3f8e,7.23
3491,4avh,7.23
3492,4djx,7.23
3493,4lxd,7.23
3494,1g2l,7.24
3495,1oyt,7.24
3496,2psv,7.24
3497,3ikg,7.24
3498,3n3g,7.24
3499,3o84,7.24
3500,3p3t,7.24
3501,4azb,7.24
3502,4fm7,7.24
3503,4ha5,7.24
3504,4r75,7.24
3505,5ad1,7.24
3506,5dh4,7.24
3507,5nxw,7.24
3508,5xmx,7.24
3509,6g3q,7.24
3510,6jb0,7.24
3511,1jet,7.25
3512,2ces,7.25
3513,2ole,7.25
3514,2qbw,7.25
3515,3gcs,7.25
3516,3mhl,7.25
3517,3p3r,7.25
3518,1dhi,7.26
3519,1mrx,7.26
3520,2qzr,7.26
3521,2xib,7.26
3522,3cz1,7.26
3523,3gc5,7.26
3524,3p5o,7.26
3525,4ly1,7.26
3526,4nnr,7.26
3527,5hvt,7.26
3528,6mlj,7.26
3529,4itp,7.27
3530,4xit,7.27
3531,6q3y,7.27
3532,1b40,7.28
3533,1hii,7.28
3534,1kel,7.28
3535,2ceq,7.28
3536,2cgr,7.28
3537,2pql,7.28
3538,2qhz,7.28
3539,2yel,7.28
3540,3a6t,7.28
3541,3fl5,7.28
3542,3o7u,7.28
3543,4alx,7.28
3544,4m2w,7.28
3545,4qjx,7.28
3546,5cap,7.28
3547,5i7x,7.28
3548,5i7y,7.28
3549,5ia4,7.28
3550,3ccz,7.29
3551,4do4,7.29
3552,4iwz,7.29
3553,5xva,7.29
3554,6fa4,7.29
3555,6mji,7.29
3556,1o3i,7.3
3557,1tmn,7.3
3558,1zge,7.3
3559,2i3i,7.3
3560,2qi1,7.3
3561,2uxi,7.3
3562,2vvn,7.3
3563,3c52,7.3
3564,3n0n,7.3
3565,3r16,7.3
3566,4b1j,7.3
3567,4qyy,7.3
3568,4riu,7.3
3569,4sga,7.3
3570,5l7h,7.3
3571,6ckr,7.3
3572,1o1s,7.31
3573,3uod,7.31
3574,4nyf,7.31
3575,5tbm,7.31
3576,6ex1,7.31
3577,6i64,7.31
3578,1qf1,7.32
3579,1ydt,7.32
3580,2j7e,7.32
3581,3ipu,7.32
3582,3kv2,7.32
3583,3pww,7.32
3584,4c9x,7.32
3585,4qj0,7.32
3586,6c9s,7.32
3587,6p3t,7.32
3588,6s5k,7.32
3589,2j2u,7.33
3590,2r2m,7.33
3591,4ayq,7.33
3592,5w2s,7.33
3593,6h77,7.33
3594,6hly,7.33
3595,1uw6,7.34
3596,2gv6,7.34
3597,2vvs,7.34
3598,2ydw,7.34
3599,3f7i,7.34
3600,4mnp,7.34
3601,5dqc,7.34
3602,5ia3,7.34
3603,1qkb,7.35
3604,1ttm,7.35
3605,3rtf,7.35
3606,3s6t,7.35
3607,3su2,7.35
3608,3zdh,7.35
3609,4z93,7.35
3610,6ma4,7.35
3611,1k6p,7.36
3612,1swg,7.36
3613,4ca7,7.36
3614,4gu6,7.36
3615,4q6d,7.36
3616,4xmb,7.36
3617,5fl6,7.36
3618,5vc4,7.36
3619,6d55,7.36
3620,6e4a,7.36
3621,6q3z,7.36
3622,6qmj,7.36
3623,1b51,7.37
3624,1cnx,7.37
3625,1fao,7.37
3626,3dp4,7.37
3627,3f7g,7.37
3628,3m5e,7.37
3629,5f60,7.37
3630,5ufp,7.37
3631,6g37,7.37
3632,6nwl,7.37
3633,6pve,7.37
3634,1bxq,7.38
3635,1qf0,7.38
3636,2qi0,7.38
3637,4hfp,7.38
3638,4o07,7.38
3639,5ceq,7.38
3640,5igm,7.38
3641,5lny,7.38
3642,5tcj,7.38
3643,5zaj,7.38
3644,6gwe,7.38
3645,1d3p,7.39
3646,2hzy,7.39
3647,3mna,7.39
3648,3p5l,7.39
3649,4na9,7.39
3650,1b55,7.4
3651,1drj,7.4
3652,1f8c,7.4
3653,1k1m,7.4
3654,1oar,7.4
3655,1owh,7.4
3656,1zoe,7.4
3657,2bpy,7.4
3658,2i3h,7.4
3659,2zy1,7.4
3660,3f18,7.4
3661,3re4,7.4
3662,3rlq,7.4
3663,3up2,7.4
3664,3vha,7.4
3665,3zi0,7.4
3666,4jyt,7.4
3667,4jzi,7.4
3668,4kn0,7.4
3669,4z83,7.4
3670,5tuz,7.4
3671,6im4,7.4
3672,1ik4,7.41
3673,2q2a,7.41
3674,3s5y,7.41
3675,3zns,7.41
3676,4j21,7.41
3677,4p5z,7.41
3678,4qpl,7.41
3679,4wn5,7.41
3680,5ne5,7.41
3681,6fyz,7.41
3682,1q5k,7.42
3683,1t32,7.42
3684,2pou,7.42
3685,2xys,7.42
3686,3ryy,7.42
3687,3zm9,7.42
3688,5nk3,7.42
3689,6ei5,7.42
3690,1b5j,7.43
3691,2bak,7.43
3692,2isw,7.43
3693,3mmf,7.43
3694,4o05,7.43
3695,4qgd,7.43
3696,6eol,7.43
3697,1ciz,7.44
3698,1qb9,7.44
3699,1vzq,7.44
3700,2f7o,7.44
3701,2oxn,7.44
3702,2qbq,7.44
3703,2r38,7.44
3704,3znr,7.44
3705,4avj,7.44
3706,4m2v,7.44
3707,6o0o,7.44
3708,1n0s,7.45
3709,2ccb,7.45
3710,4azi,7.45
3711,1sqo,7.46
3712,1yei,7.46
3713,1yej,7.46
3714,2p53,7.46
3715,3fed,7.46
3716,3ocz,7.46
3717,3t2w,7.46
3718,4cpr,7.46
3719,4dff,7.46
3720,4q4o,7.46
3721,5f61,7.46
3722,5fdc,7.46
3723,5msb,7.46
3724,5nlk,7.46
3725,6gxb,7.46
3726,6qmk,7.46
3727,1xh4,7.47
3728,3oe4,7.47
3729,3own,7.47
3730,5ny3,7.47
3731,5o07,7.47
3732,5ogb,7.47
3733,5tmp,7.47
3734,6maj,7.47
3735,1iiq,7.48
3736,1k6c,7.48
3737,1u71,7.48
3738,2qhy,7.48
3739,2qwe,7.48
3740,3l3l,7.48
3741,3u92,7.48
3742,6dl2,7.48
3743,6eya,7.48
3744,6qau,7.48
3745,2hhn,7.49
3746,3m6r,7.49
3747,3nyx,7.49
3748,4emr,7.49
3749,4l6t,7.49
3750,5vih,7.49
3751,4cpw,7.5
3752,5mwp,7.5
3753,6hk3,7.5
3754,6otg,7.5
3755,2vwo,7.51
3756,3n2v,7.51
3757,4hdp,7.51
3758,4qf8,7.51
3759,5byi,7.51
3760,6fhk,7.51
3761,6sge,7.51
3762,1bm7,7.52
3763,1ivp,7.52
3764,1lah,7.52
3765,1lf2,7.52
3766,1lke,7.52
3767,1mmq,7.52
3768,1uml,7.52
3769,1zfq,7.52
3770,2mas,7.52
3771,3ekr,7.52
3772,3hfb,7.52
3773,3hmo,7.52
3774,3l4u,7.52
3775,3myq,7.52
3776,3rlr,7.52
3777,4dq2,7.52
3778,4f6w,7.52
3779,4ty6,7.52
3780,5d48,7.52
3781,5i8g,7.52
3782,5i9x,7.52
3783,5nau,7.52
3784,5znc,7.52
3785,5u8c,7.53
3786,2f1g,7.54
3787,4hu1,7.54
3788,4qer,7.54
3789,6cwh,7.54
3790,6mln,7.54
3791,1k1j,7.55
3792,1lpk,7.55
3793,1tlp,7.55
3794,1v0l,7.55
3795,2oi0,7.55
3796,2xj1,7.55
3797,3b50,7.55
3798,3ni5,7.55
3799,3rz0,7.55
3800,4asj,7.55
3801,4ngn,7.55
3802,5c8n,7.55
3803,5oot,7.55
3804,6aqs,7.55
3805,6gvf,7.55
3806,6hsh,7.55
3807,6o9c,7.55
3808,3cct,7.56
3809,3suf,7.56
3810,1d09,7.57
3811,1qhc,7.57
3812,2avs,7.57
3813,2pyn,7.57
3814,3cd0,7.57
3815,3ipq,7.57
3816,3ocp,7.57
3817,3q6w,7.57
3818,4crb,7.57
3819,4fnn,7.57
3820,4nvp,7.57
3821,4pmm,7.57
3822,5ive,7.57
3823,6gla,7.57
3824,3cda,7.58
3825,2fdp,7.59
3826,2xb8,7.59
3827,3p3s,7.59
3828,3t5u,7.59
3829,4cu7,7.59
3830,5nkd,7.59
3831,5nkh,7.59
3832,6guh,7.59
3833,6hax,7.59
3834,1lpz,7.6
3835,2c3i,7.6
3836,2o8h,7.6
3837,2zmm,7.6
3838,3ehx,7.6
3839,3fh7,7.6
3840,3gc4,7.6
3841,3iph,7.6
3842,3kr4,7.6
3843,3liw,7.6
3844,3p58,7.6
3845,4m8h,7.6
3846,4uyf,7.6
3847,5hct,7.6
3848,5ia5,7.6
3849,5t9u,7.6
3850,6css,7.6
3851,6guc,7.6
3852,1ftm,7.61
3853,3ibn,7.61
3854,4g95,7.61
3855,5m77,7.61
3856,5vij,7.61
3857,1fzq,7.62
3858,1k6t,7.62
3859,1yqy,7.62
3860,2aoe,7.62
3861,2p3c,7.62
3862,2psu,7.62
3863,2pvl,7.62
3864,3be9,7.62
3865,3o4k,7.62
3866,4dbm,7.62
3867,4uin,7.62
3868,5hu9,7.62
3869,5ta4,7.62
3870,6g5l,7.62
3871,1c1r,7.63
3872,4avi,7.63
3873,4x5z,7.63
3874,1c1v,7.64
3875,1uvt,7.64
3876,2hl4,7.64
3877,3d78,7.64
3878,3fat,7.64
3879,3h89,7.64
3880,3hl7,7.64
3881,3l0v,7.64
3882,3sjf,7.64
3883,4r73,7.64
3884,4rpo,7.64
3885,4ruz,7.64
3886,5el9,7.64
3887,5exn,7.64
3888,5u6j,7.64
3889,966c,7.64
3890,5dex,7.65
3891,6pl1,7.65
3892,1f0r,7.66
3893,1nny,7.66
3894,1ppk,7.66
3895,2cn0,7.66
3896,2yme,7.66
3897,4b74,7.66
3898,4e5w,7.66
3899,4gq4,7.66
3900,4oeu,7.66
3901,4qev,7.66
3902,5dfp,7.66
3903,5edc,7.66
3904,5kz0,7.66
3905,5tcy,7.66
3906,6e1y,7.66
3907,6nw3,7.66
3908,6o5x,7.66
3909,2bpv,7.67
3910,1o2q,7.68
3911,1t4v,7.68
3912,1w0z,7.68
3913,2arm,7.68
3914,3f8c,7.68
3915,3miy,7.68
3916,4cpz,7.68
3917,4d7b,7.68
3918,4del,7.68
3919,4ygf,7.68
3920,5nkg,7.68
3921,5wyz,7.68
3922,5yjm,7.68
3923,6b4u,7.68
3924,6hke,7.68
3925,5xsr,7.69
3926,1bai,7.7
3927,1fzm,7.7
3928,1gno,7.7
3929,1izh,7.7
3930,1mes,7.7
3931,1oau,7.7
3932,1oz0,7.7
3933,1s39,7.7
3934,1uou,7.7
3935,2d1o,7.7
3936,2hmu,7.7
3937,2hmv,7.7
3938,2ves,7.7
3939,2zjw,7.7
3940,3b7r,7.7
3941,3ewc,7.7
3942,3f3e,7.7
3943,3g0e,7.7
3944,3i51,7.7
3945,3p7i,7.7
3946,3th9,7.7
3947,4acc,7.7
3948,4cpt,7.7
3949,4e7r,7.7
3950,4fsl,7.7
3951,4o09,7.7
3952,4tmk,7.7
3953,5l9g,7.7
3954,5sz5,7.7
3955,6cn5,7.7
3956,6g6t,7.7
3957,6nwk,7.7
3958,3lk8,7.71
3959,4mmp,7.71
3960,1ajv,7.72
3961,1cnw,7.72
3962,1j4r,7.72
3963,1oif,7.72
3964,3el5,7.72
3965,3vjc,7.72
3966,4a4w,7.72
3967,4egk,7.72
3968,5ia2,7.72
3969,5nkc,7.72
3970,5nki,7.72
3971,5zg1,7.72
3972,6mj4,7.72
3973,6ugz,7.72
3974,3ljg,7.73
3975,5fdi,7.73
3976,5hbs,7.73
3977,5nyh,7.73
3978,1f0s,7.74
3979,1j36,7.74
3980,1lee,7.74
3981,1nfu,7.74
3982,1qbo,7.74
3983,1rd4,7.74
3984,1sbg,7.74
3985,1txr,7.74
3986,1usn,7.74
3987,2v59,7.74
3988,3b7u,7.74
3989,3nb5,7.74
3990,3tvc,7.74
3991,4auj,7.74
3992,4i71,7.74
3993,4j22,7.74
3994,4pp5,7.74
3995,5j2x,7.74
3996,6qas,7.74
3997,4x50,7.75
3998,2ccc,7.76
3999,4hwp,7.76
4000,4z2b,7.76
4001,6g35,7.76
4002,1xh9,7.77
4003,2jh6,7.77
4004,2qm9,7.77
4005,3cyw,7.77
4006,3dsz,7.77
4007,3gm0,7.77
4008,3mi2,7.77
4009,3tzm,7.77
4010,3uw4,7.77
4011,4gzt,7.77
4012,4lov,7.77
4013,4rj8,7.77
4014,4w9o,7.77
4015,5cbm,7.77
4016,5j6a,7.77
4017,5j6n,7.77
4018,5j9x,7.77
4019,5mg2,7.77
4020,5neb,7.77
4021,6euw,7.77
4022,6ql2,7.77
4023,4kni,7.78
4024,4knn,7.78
4025,5n25,7.78
4026,5ueu,7.78
4027,2zwz,7.79
4028,6g36,7.79
4029,1u1b,7.8
4030,1v48,7.8
4031,1x8t,7.8
4032,2i19,7.8
4033,2ra0,7.8
4034,2wl0,7.8
4035,3agl,7.8
4036,3czv,7.8
4037,3qgy,7.8
4038,3ryj,7.8
4039,4j3l,7.8
4040,4n6z,7.8
4041,4pg9,7.8
4042,4qem,7.8
4043,4qjw,7.8
4044,4w9p,7.8
4045,5hz6,7.8
4046,5i3v,7.8
4047,5l7g,7.8
4048,5njz,7.8
4049,6ej2,7.8
4050,6i8m,7.8
4051,6nfy,7.8
4052,6nsv,7.8
4053,4gr3,7.81
4054,5eu1,7.81
4055,1b6h,7.82
4056,1nf8,7.82
4057,1njs,7.82
4058,1nvs,7.82
4059,2cf9,7.82
4060,2j34,7.82
4061,2jg0,7.82
4062,2o4n,7.82
4063,2ptz,7.82
4064,2xbx,7.82
4065,2xjg,7.82
4066,3gcp,7.82
4067,3n2p,7.82
4068,3prs,7.82
4069,3vx3,7.82
4070,4k0y,7.82
4071,4pp3,7.82
4072,4qpd,7.82
4073,4ybk,7.82
4074,5i29,7.82
4075,6cks,7.82
4076,6g2m,7.82
4077,4gr8,7.83
4078,3cd7,7.84
4079,3ibl,7.84
4080,3n2u,7.84
4081,4gzp,7.84
4082,6b96,7.84
4083,1a94,7.85
4084,1b8y,7.85
4085,1cny,7.85
4086,1laf,7.85
4087,1lbf,7.85
4088,1lst,7.85
4089,2fle,7.85
4090,2gv7,7.85
4091,3c84,7.85
4092,3dd8,7.85
4093,3sut,7.85
4094,3uw5,7.85
4095,4ieh,7.85
4096,4mc1,7.85
4097,4pcs,7.85
4098,4r76,7.85
4099,4rak,7.85
4100,4x5r,7.85
4101,5e89,7.85
4102,5elw,7.85
4103,5f1h,7.85
4104,5hi7,7.85
4105,5uln,7.85
4106,5wuk,7.85
4107,6mja,7.85
4108,4zl4,7.86
4109,3ccw,7.87
4110,1fzo,7.89
4111,1h2t,7.89
4112,2ylc,7.89
4113,2zn7,7.89
4114,3c56,7.89
4115,3hig,7.89
4116,3rz5,7.89
4117,4b5d,7.89
4118,4g8m,7.89
4119,4igt,7.89
4120,4m8e,7.89
4121,4ruy,7.89
4122,4ytc,7.89
4123,5j6l,7.89
4124,5lyr,7.89
4125,6fnf,7.89
4126,3cd5,7.9
4127,1ajx,7.91
4128,5e28,7.91
4129,1b6j,7.92
4130,2jjb,7.92
4131,2ovv,7.92
4132,3d7z,7.92
4133,3eft,7.92
4134,4a6c,7.92
4135,4bcn,7.92
4136,4cws,7.92
4137,4hbm,7.92
4138,4hge,7.92
4139,4phu,7.92
4140,4rux,7.92
4141,5e1s,7.92
4142,5f63,7.92
4143,5i1q,7.92
4144,5jy3,7.92
4145,6nv7,7.92
4146,3daz,7.93
4147,2ewa,7.94
4148,6en5,7.94
4149,6hai,7.94
4150,3t85,7.95
4151,4b7j,7.95
4152,4knj,7.95
4153,5n1r,7.95
4154,5nap,7.95
4155,6s4t,7.95
4156,1epo,7.96
4157,1g2k,7.96
4158,1hvh,7.96
4159,1o3f,7.96
4160,1qxl,7.96
4161,2e1w,7.96
4162,2p3a,7.96
4163,2qe4,7.96
4164,2x8z,7.96
4165,3a5y,7.96
4166,3bgq,7.96
4167,3ekw,7.96
4168,3iww,7.96
4169,3mhc,7.96
4170,3r4p,7.96
4171,3uuo,7.96
4172,4ap7,7.96
4173,4k3n,7.96
4174,4ngp,7.96
4175,4r59,7.96
4176,4y79,7.96
4177,5n84,7.96
4178,5ta2,7.96
4179,6iiu,7.96
4180,3oyq,7.99
4181,4z07,7.99
4182,5n1s,7.99
4183,5nxp,7.99
4184,1a4k,8.0
4185,1b57,8.0
4186,1dqn,8.0
4187,1fkg,8.0
4188,1gaf,8.0
4189,1gai,8.0
4190,1qin,8.0
4191,1r0p,8.0
4192,1rmz,8.0
4193,1tkb,8.0
4194,1vyg,8.0
4195,1xws,8.0
4196,1ypg,8.0
4197,2e94,8.0
4198,2hah,8.0
4199,2vnt,8.0
4200,2vwn,8.0
4201,2xbw,8.0
4202,3b92,8.0
4203,3cyx,8.0
4204,3e92,8.0
4205,3fur,8.0
4206,3gkz,8.0
4207,3gvu,8.0
4208,3hs4,8.0
4209,3k97,8.0
4210,3oy0,8.0
4211,3sio,8.0
4212,3t0x,8.0
4213,3zcl,8.0
4214,4a6l,8.0
4215,4ehz,8.0
4216,4ht0,8.0
4217,4knm,8.0
4218,4mo8,8.0
4219,4o2c,8.0
4220,4o9v,8.0
4221,4poh,8.0
4222,4ujb,8.0
4223,4zx0,8.0
4224,5eqy,8.0
4225,5zw6,8.0
4226,6eq8,8.0
4227,1v7a,8.01
4228,2cc7,8.01
4229,3vje,8.01
4230,6gzd,8.01
4231,1b7h,8.02
4232,2cet,8.02
4233,4uye,8.02
4234,4yes,8.02
4235,4elf,8.03
4236,4x5y,8.03
4237,5e2k,8.03
4238,4m2u,8.04
4239,5tmn,8.04
4240,6k04,8.04
4241,1hih,8.05
4242,1vyf,8.05
4243,2b9a,8.05
4244,2bqv,8.05
4245,2jkh,8.05
4246,2xc4,8.05
4247,2xxt,8.05
4248,2y80,8.05
4249,3ag9,8.05
4250,3ml2,8.05
4251,3u8l,8.05
4252,4b8y,8.05
4253,4hdb,8.05
4254,4q19,8.05
4255,4rfd,8.05
4256,5cxa,8.05
4257,5i9z,8.05
4258,5ld8,8.05
4259,5upe,8.05
4260,5xvg,8.05
4261,6d56,8.05
4262,6gxe,8.05
4263,3dbu,8.06
4264,6evr,8.06
4265,3vbd,8.07
4266,5jfu,8.07
4267,1siv,8.08
4268,3ifl,8.08
4269,2rkg,8.09
4270,2yfx,8.09
4271,3hub,8.09
4272,3tu7,8.09
4273,4elh,8.09
4274,4loy,8.09
4275,5n6s,8.09
4276,6b59,8.09
4277,1erb,8.1
4278,1fzj,8.1
4279,1ghy,8.1
4280,1stc,8.1
4281,1ype,8.1
4282,2cf8,8.1
4283,2e9u,8.1
4284,2pvj,8.1
4285,2vvu,8.1
4286,3f15,8.1
4287,3kr8,8.1
4288,3nx7,8.1
4289,4poj,8.1
4290,4r74,8.1
4291,5i3x,8.1
4292,5m7u,8.1
4293,6ftf,8.1
4294,6gwr,8.1
4295,6ma5,8.1
4296,1ndz,8.11
4297,1nvr,8.11
4298,2pq9,8.11
4299,3fv2,8.11
4300,4cp7,8.11
4301,4v01,8.11
4302,4z1j,8.11
4303,6h38,8.11
4304,1o5r,8.12
4305,2yi0,8.12
4306,6dil,8.12
4307,6dj2,8.12
4308,2yk1,8.13
4309,4pop,8.13
4310,1g35,8.14
4311,1yqj,8.14
4312,3b4f,8.14
4313,3ljz,8.14
4314,3ryx,8.14
4315,4buq,8.14
4316,4isi,8.14
4317,6dj5,8.14
4318,1fkh,8.15
4319,1w5v,8.15
4320,2d1n,8.15
4321,2fxu,8.15
4322,2jf4,8.15
4323,2q1q,8.15
4324,3bu1,8.15
4325,3d8w,8.15
4326,3i4b,8.15
4327,3nxq,8.15
4328,4eo8,8.15
4329,4loo,8.15
4330,4ly9,8.15
4331,5jxq,8.15
4332,5tkj,8.15
4333,5vo1,8.15
4334,6qgh,8.15
4335,4elg,8.16
4336,3rz8,8.17
4337,4q09,8.17
4338,4z0q,8.17
4339,5f62,8.17
4340,2f80,8.18
4341,3l3n,8.18
4342,2r59,8.19
4343,3hit,8.19
4344,3roc,8.19
4345,4mc2,8.19
4346,5aa9,8.19
4347,5acy,8.19
4348,5fl5,8.19
4349,5m25,8.19
4350,5n1z,8.19
4351,5zkc,8.19
4352,6ayq,8.19
4353,6nv9,8.19
4354,2jds,8.2
4355,4gg7,8.2
4356,5exm,8.2
4357,5zo8,8.2
4358,4x5p,8.21
4359,5fto,8.21
4360,5wmg,8.21
4361,1efy,8.22
4362,1h1s,8.22
4363,1w11,8.22
4364,2vvv,8.22
4365,2zcs,8.22
4366,3d1y,8.22
4367,3l3m,8.22
4368,3le9,8.22
4369,3v5t,8.22
4370,3zbx,8.22
4371,4h3g,8.22
4372,4hym,8.22
4373,4lko,8.22
4374,5amg,8.22
4375,5fck,8.22
4376,5k8s,8.22
4377,6det,8.22
4378,6fni,8.22
4379,6r8o,8.22
4380,3e5a,8.23
4381,3f16,8.23
4382,4kfq,8.23
4383,1ydb,8.24
4384,3hll,8.24
4385,4rfc,8.24
4386,4x6m,8.24
4387,4z1e,8.24
4388,6b5q,8.24
4389,6g34,8.24
4390,1c1u,8.25
4391,1g4o,8.25
4392,1nvq,8.25
4393,2pbw,8.25
4394,3ug2,8.25
4395,6cpw,8.25
4396,2e2r,8.26
4397,5j86,8.26
4398,6gzm,8.26
4399,1wuq,8.27
4400,2cbj,8.27
4401,3hek,8.27
4402,4cps,8.27
4403,4djy,8.27
4404,3tt4,8.28
4405,4oc2,8.28
4406,4oc3,8.28
4407,5qqp,8.28
4408,5tkk,8.28
4409,6mqc,8.28
4410,1a28,8.29
4411,4bj8,8.29
4412,6ayo,8.29
4413,6o95,8.29
4414,1b6l,8.3
4415,1qbq,8.3
4416,1tom,8.3
4417,2cen,8.3
4418,2pvk,8.3
4419,2rd6,8.3
4420,2v7a,8.3
4421,2v95,8.3
4422,3fqe,8.3
4423,3gjw,8.3
4424,3hku,8.3
4425,3hvi,8.3
4426,3jy0,8.3
4427,3zps,8.3
4428,4afg,8.3
4429,4cwr,8.3
4430,4o0b,8.3
4431,5j8z,8.3
4432,5khm,8.3
4433,6ma3,8.3
4434,3dc3,8.31
4435,5nxo,8.31
4436,6qav,8.31
4437,2gj5,8.32
4438,2yi7,8.32
4439,4gih,8.32
4440,4jwk,8.32
4441,4pee,8.32
4442,5c2a,8.32
4443,5czm,8.32
4444,1hwr,8.33
4445,4z1k,8.33
4446,1bzy,8.34
4447,2qci,8.34
4448,2xye,8.34
4449,3npc,8.34
4450,5ime,8.34
4451,6g39,8.34
4452,1h23,8.35
4453,2uwd,8.35
4454,3nu5,8.35
4455,4bf6,8.35
4456,4yml,8.35
4457,5edl,8.35
4458,1d4j,8.36
4459,3d83,8.36
4460,3kek,8.36
4461,3r7o,8.36
4462,4e6q,8.36
4463,2nmz,8.37
4464,3t1a,8.37
4465,4bao,8.37
4466,4v24,8.37
4467,6n7a,8.37
4468,1k21,8.38
4469,1mu6,8.38
4470,3qkd,8.38
4471,3zpu,8.38
4472,4a6b,8.38
4473,5d21,8.38
4474,6g3a,8.38
4475,1lzq,8.39
4476,6ayr,8.39
4477,1aaq,8.4
4478,1fd0,8.4
4479,1fq5,8.4
4480,1fzk,8.4
4481,1k22,8.4
4482,1mtr,8.4
4483,1w5x,8.4
4484,1z1h,8.4
4485,1zpa,8.4
4486,2al5,8.4
4487,2baj,8.4
4488,2j95,8.4
4489,2ovy,8.4
4490,2qbp,8.4
4491,2uwl,8.4
4492,2vsl,8.4
4493,2y82,8.4
4494,2zda,8.4
4495,3b68,8.4
4496,3d0e,8.4
4497,3el9,8.4
4498,3qxv,8.4
4499,3str,8.4
4500,3sww,8.4
4501,3zxz,8.4
4502,4aoi,8.4
4503,4bck,8.4
4504,4nh7,8.4
4505,4ual,8.4
4506,5g57,8.4
4507,5org,8.4
4508,6g2s,8.4
4509,6gue,8.4
4510,1e4h,8.41
4511,1g48,8.41
4512,1i9p,8.41
4513,1w96,8.41
4514,1bwb,8.42
4515,4ksy,8.42
4516,4wa9,8.42
4517,5vl2,8.42
4518,2xbv,8.43
4519,2za5,8.43
4520,3nhi,8.43
4521,4y8x,8.43
4522,5dey,8.43
4523,5exl,8.43
4524,5f2u,8.43
4525,2vc9,8.44
4526,2xyf,8.44
4527,4zae,8.44
4528,5kqx,8.44
4529,5n0e,8.44
4530,5voj,8.44
4531,3kdd,8.46
4532,4css,8.46
4533,2oag,8.47
4534,3zln,8.47
4535,5qtt,8.47
4536,6d3q,8.47
4537,1w5y,8.48
4538,2hs1,8.48
4539,2p3b,8.48
4540,2r5p,8.48
4541,2uxz,8.48
4542,2yix,8.48
4543,3b1m,8.48
4544,3n3j,8.48
4545,5kr2,8.48
4546,5n0d,8.48
4547,6fe1,8.48
4548,1ec0,8.49
4549,2g5u,8.49
4550,2ihq,8.49
4551,3s45,8.49
4552,4hdf,8.49
4553,4m2r,8.49
4554,5ufs,8.49
4555,7upj,8.49
4556,2vh0,8.51
4557,3i25,8.51
4558,3u8j,8.51
4559,6oe1,8.51
4560,1fcy,8.52
4561,1i5r,8.52
4562,1nfx,8.52
4563,1rp7,8.52
4564,1xkk,8.52
4565,2boh,8.52
4566,2fvd,8.52
4567,2oc2,8.52
4568,2q64,8.52
4569,2qu6,8.52
4570,2vvc,8.52
4571,2vw5,8.52
4572,2wn9,8.52
4573,3lpi,8.52
4574,3ml5,8.52
4575,3suu,8.52
4576,3ttm,8.52
4577,4nh8,8.52
4578,4o6w,8.52
4579,4o97,8.52
4580,4xoc,8.52
4581,5mpk,8.52
4582,5vi6,8.52
4583,6csp,8.52
4584,3kjd,8.54
4585,4hwo,8.54
4586,5mjn,8.54
4587,5sxm,8.54
4588,1hos,8.55
4589,1ppl,8.55
4590,2byr,8.55
4591,3ejp,8.55
4592,3v51,8.55
4593,5amd,8.55
4594,5i9y,8.55
4595,5nxg,8.55
4596,6hk4,8.55
4597,1bgq,8.57
4598,1q1g,8.57
4599,2x4z,8.57
4600,3ejq,8.57
4601,3ejr,8.57
4602,3v7x,8.57
4603,4kmz,8.57
4604,5caq,8.57
4605,5j6m,8.57
4606,3r5t,8.58
4607,2wky,8.59
4608,3ibi,8.59
4609,5nbw,8.59
4610,6h37,8.59
4611,1bwa,8.6
4612,3b66,8.6
4613,3s43,8.6
4614,3sxf,8.6
4615,3t3u,8.6
4616,4efs,8.6
4617,4gj2,8.6
4618,4qf7,8.6
4619,5sz3,8.6
4620,5upf,8.6
4621,6prf,8.6
4622,4ban,8.61
4623,6gl8,8.61
4624,2cej,8.62
4625,3ryz,8.62
4626,4bf1,8.62
4627,4hf4,8.62
4628,4jx9,8.62
4629,5egm,8.62
4630,5htz,8.62
4631,5zvw,8.62
4632,3f17,8.63
4633,1g45,8.64
4634,1mue,8.64
4635,1r1j,8.64
4636,1t31,8.64
4637,3hkw,8.64
4638,3s71,8.64
4639,4pft,8.64
4640,4qd6,8.64
4641,4zyf,8.64
4642,5e8f,8.64
4643,5x74,8.64
4644,6std,8.64
4645,2oax,8.65
4646,1i9n,8.66
4647,3d1x,8.66
4648,3nox,8.66
4649,3u8k,8.66
4650,5epn,8.66
4651,5n93,8.66
4652,2qd6,8.68
4653,2q55,8.69
4654,5cj6,8.69
4655,1bcd,8.7
4656,1hfs,8.7
4657,1jgl,8.7
4658,1jyq,8.7
4659,1lnm,8.7
4660,1ohr,8.7
4661,1pxo,8.7
4662,1t7j,8.7
4663,1w13,8.7
4664,1xap,8.7
4665,2b7d,8.7
4666,2f8g,8.7
4667,2fmb,8.7
4668,2h4n,8.7
4669,2jh0,8.7
4670,2ojj,8.7
4671,2pcp,8.7
4672,2uwo,8.7
4673,2vj8,8.7
4674,2wgj,8.7
4675,2wyg,8.7
4676,2y5f,8.7
4677,2y7z,8.7
4678,2y81,8.7
4679,3brn,8.7
4680,3d9z,8.7
4681,3eqr,8.7
4682,3ge7,8.7
4683,3hvj,8.7
4684,3i5z,8.7
4685,3i60,8.7
4686,3s73,8.7
4687,4a7i,8.7
4688,4bah,8.7
4689,4eo6,8.7
4690,4hy1,8.7
4691,4r5a,8.7
4692,4rwj,8.7
4693,4yth,8.7
4694,4zwx,8.7
4695,4zwz,8.7
4696,5e2o,8.7
4697,5hcv,8.7
4698,5ih9,8.7
4699,5nk4,8.7
4700,5sz2,8.7
4701,5ufr,8.7
4702,3ckz,8.72
4703,3p8o,8.72
4704,3ts4,8.72
4705,4crc,8.72
4706,4ish,8.72
4707,4ivb,8.72
4708,4x6o,8.72
4709,5ikb,8.72
4710,5jg1,8.72
4711,6dj7,8.72
4712,1b6k,8.74
4713,1mjj,8.74
4714,1sdv,8.74
4715,2vkm,8.74
4716,2wtv,8.74
4717,3rz1,8.74
4718,4ei4,8.74
4719,4gii,8.74
4720,5vkc,8.74
4721,6d78,8.74
4722,6o94,8.74
4723,1bnv,8.77
4724,1d4l,8.77
4725,1qft,8.77
4726,1x38,8.77
4727,1zp8,8.77
4728,2wkz,8.77
4729,3b5r,8.77
4730,3qdd,8.77
4731,4e4l,8.77
4732,4m0f,8.77
4733,5wal,8.77
4734,6cdp,8.79
4735,1fkn,8.8
4736,1g46,8.8
4737,1w5w,8.8
4738,3d1z,8.8
4739,3oaf,8.8
4740,5cau,8.8
4741,5e2p,8.8
4742,5vm0,8.8
4743,6stl,8.8
4744,1ork,8.81
4745,1g54,8.82
4746,1m0b,8.82
4747,2zcq,8.82
4748,2zxg,8.82
4749,3fvk,8.82
4750,3nu4,8.82
4751,4i5c,8.82
4752,4ks1,8.82
4753,4x6n,8.82
4754,5k0m,8.82
4755,5kby,8.82
4756,1lhu,8.83
4757,3mxd,8.83
4758,1d4i,8.85
4759,2avo,8.85
4760,3b67,8.85
4761,3e93,8.85
4762,4gj3,8.85
4763,5cas,8.85
4764,5mlj,8.85
4765,5uoo,8.85
4766,6ayt,8.85
4767,6dz2,8.85
4768,2xej,8.87
4769,5lwm,8.87
4770,1n3i,8.89
4771,1nfy,8.89
4772,1nt1,8.89
4773,2idw,8.89
4774,2y7x,8.89
4775,3ekp,8.89
4776,3vhc,8.89
4777,3zze,8.89
4778,4cst,8.89
4779,5fnu,8.89
4780,5ipj,8.89
4781,6dz3,8.89
4782,6e22,8.89
4783,3egt,8.9
4784,5m23,8.9
4785,4bak,8.91
4786,1ec1,8.92
4787,1kzn,8.92
4788,1r1h,8.92
4789,3k37,8.92
4790,4e6d,8.92
4791,4heg,8.92
4792,5hcy,8.92
4793,5ljt,8.92
4794,5n24,8.92
4795,5sz1,8.92
4796,6oe0,8.92
4797,4bam,8.94
4798,1j37,8.96
4799,1nfw,8.96
4800,2p4j,8.96
4801,3dcc,8.96
4802,3i9g,8.96
4803,3rz7,8.96
4804,3v5p,8.96
4805,4ag8,8.96
4806,4k18,8.96
4807,4und,8.96
4808,4xo8,8.96
4809,5een,8.96
4810,5wqc,8.96
4811,5tbe,8.97
4812,6cdo,8.97
4813,6hzb,8.98
4814,5vp9,8.99
4815,1apv,9.0
4816,1e3g,9.0
4817,1fm9,9.0
4818,1k27,9.0
4819,1mq5,9.0
4820,1mu8,9.0
4821,1y0l,9.0
4822,2j4i,9.0
4823,2p4y,9.0
4824,2wyj,9.0
4825,3dd0,9.0
4826,3jrx,9.0
4827,3u6h,9.0
4828,3u6i,9.0
4829,3ui7,9.0
4830,3uri,9.0
4831,4c2v,9.0
4832,4h3f,9.0
4833,4x5q,9.0
4834,5ef7,9.0
4835,5ljq,9.0
4836,6mle,9.0
4837,2q54,9.01
4838,4baq,9.01
4839,5e2s,9.01
4840,4jh0,9.03
4841,4xtw,9.03
4842,6dz0,9.03
4843,1ec3,9.04
4844,1g53,9.04
4845,1qkt,9.04
4846,3m37,9.04
4847,3vfb,9.04
4848,1ebw,9.05
4849,1ezq,9.05
4850,1kdk,9.05
4851,3hb4,9.05
4852,3nu9,9.05
4853,4e4n,9.05
4854,4i72,9.05
4855,4uja,9.05
4856,5m7s,9.05
4857,1nw4,9.07
4858,2qd8,9.07
4859,3gba,9.07
4860,4cmo,9.07
4861,4xk9,9.07
4862,1bnw,9.08
4863,2rkf,9.08
4864,3a2o,9.08
4865,3ffg,9.08
4866,3sue,9.08
4867,3x00,9.08
4868,6ckw,9.08
4869,1d3d,9.09
4870,1msn,9.09
4871,2v58,9.09
4872,2w8y,9.09
4873,4zls,9.09
4874,1h22,9.1
4875,2qd7,9.1
4876,3gnw,9.1
4877,3lea,9.1
4878,3lpk,9.1
4879,3mdz,9.1
4880,3o56,9.1
4881,3pwm,9.1
4882,3vf7,9.1
4883,4az6,9.1
4884,4hws,9.1
4885,5eek,9.1
4886,5sz0,9.1
4887,6c2r,9.1
4888,1d9i,9.11
4889,4xu0,9.11
4890,3ttp,9.12
4891,5nkb,9.12
4892,1ta6,9.13
4893,2wb5,9.13
4894,3su3,9.13
4895,5j20,9.14
4896,5l30,9.14
4897,2qmg,9.15
4898,2xjx,9.15
4899,3d91,9.15
4900,3ibu,9.15
4901,4clj,9.15
4902,4p6w,9.15
4903,5aml,9.15
4904,5kr0,9.15
4905,6c7q,9.15
4906,6odz,9.15
4907,8cpa,9.15
4908,5wl0,9.17
4909,1z71,9.18
4910,2fgu,9.18
4911,2xb7,9.19
4912,3ozg,9.19
4913,3vfa,9.19
4914,6ays,9.19
4915,5laq,9.2
4916,5upz,9.2
4917,6dyz,9.2
4918,1mh5,9.21
4919,1sqa,9.21
4920,4xty,9.21
4921,1d4k,9.22
4922,1fcz,9.22
4923,1hpo,9.22
4924,1hps,9.22
4925,1hpv,9.22
4926,1uho,9.22
4927,1x39,9.22
4928,1zvx,9.22
4929,2cer,9.22
4930,2o4l,9.22
4931,3rwp,9.22
4932,4jia,9.22
4933,4s1g,9.22
4934,5eei,9.22
4935,5i3w,9.22
4936,6h33,9.22
4937,6n7b,9.22
4938,4xu2,9.23
4939,4dv8,9.24
4940,5llp,9.24
4941,3zlr,9.26
4942,1sdt,9.27
4943,2xab,9.27
4944,3b65,9.27
4945,3nzk,9.27
4946,4xtv,9.27
4947,1xow,9.28
4948,3kdc,9.28
4949,3p8n,9.28
4950,3rux,9.28
4951,3vhd,9.28
4952,4asd,9.28
4953,2ayr,9.29
4954,5kqy,9.29
4955,2yxj,9.3
4956,3fv1,9.3
4957,3nu6,9.3
4958,4crf,9.3
4959,4er2,9.3
4960,4qge,9.3
4961,5anv,9.3
4962,6h2z,9.3
4963,6h34,9.3
4964,6hza,9.3
4965,6orr,9.3
4966,6udu,9.3
4967,1bn4,9.31
4968,3rdq,9.31
4969,2aqu,9.32
4970,3wha,9.32
4971,5jfp,9.32
4972,1bn1,9.34
4973,3vf5,9.34
4974,6o0m,9.34
4975,2e27,9.35
4976,6h36,9.35
4977,2p95,9.37
4978,3nuj,9.39
4979,4ca5,9.39
4980,1ebz,9.4
4981,1fkf,9.4
4982,1ksn,9.4
4983,1met,9.4
4984,1pme,9.4
4985,2o4r,9.4
4986,2w26,9.4
4987,4a4q,9.4
4988,4erf,9.4
4989,4qac,9.4
4990,5anu,9.4
4991,5i3y,9.4
4992,5llo,9.4
4993,6got,9.4
4994,3ekv,9.41
4995,3ekx,9.41
4996,5jop,9.41
4997,1hsh,9.42
4998,3bgs,9.42
4999,3rbu,9.43
5000,1g1d,9.44
5001,4mc9,9.44
5002,2yki,9.46
5003,4b7p,9.46
5004,6g2r,9.46
5005,1qbs,9.47
5006,4wko,9.47
5007,1xjd,9.48
5008,6e7j,9.48
5009,1bnq,9.49
5010,4xu1,9.49
5011,5kr1,9.49
5012,4xu3,9.5
5013,1hvr,9.51
5014,1s19,9.51
5015,2p4s,9.51
5016,1m4h,9.52
5017,2ax9,9.52
5018,2bys,9.52
5019,2g94,9.52
5020,2gvj,9.52
5021,2hoc,9.52
5022,3fv3,9.52
5023,3g0w,9.52
5024,3g5k,9.52
5025,4ivd,9.52
5026,4ty7,9.52
5027,5llc,9.52
5028,6cjr,9.52
5029,6n7d,9.52
5030,1g52,9.54
5031,2pog,9.54
5032,3ppm,9.54
5033,1dmp,9.55
5034,1ws1,9.55
5035,4gr0,9.55
5036,4wkp,9.55
5037,1i37,9.57
5038,1o86,9.57
5039,2z4o,9.57
5040,4ax9,9.57
5041,4gql,9.59
5042,4mc6,9.59
5043,5cjf,9.59
5044,4gqp,9.6
5045,1if8,9.64
5046,2zx8,9.64
5047,3el1,9.64
5048,3s54,9.64
5049,4b7r,9.64
5050,5dh5,9.64
5051,3pe1,9.65
5052,3dp9,9.68
5053,4zip,9.68
5054,6n78,9.68
5055,6n79,9.68
5056,1bnu,9.7
5057,1df8,9.7
5058,1eby,9.7
5059,1fkb,9.7
5060,1mrw,9.7
5061,2vh6,9.7
5062,3sm2,9.7
5063,4cd0,9.7
5064,4fk6,9.7
5065,5dxt,9.7
5066,5sz4,9.7
5067,5sz7,9.7
5068,6cjs,9.7
5069,6oja,9.7
5070,4crl,9.71
5071,1z6e,9.72
5072,3fuc,9.72
5073,4wkn,9.72
5074,1nh0,9.74
5075,3dk1,9.74
5076,3p3g,9.74
5077,5izf,9.74
5078,3pe2,9.76
5079,4yhm,9.76
5080,3ggu,9.77
5081,456c,9.77
5082,6fs0,9.77
5083,4x24,9.78
5084,1bnt,9.8
5085,3lxk,9.8
5086,3nuo,9.8
5087,6ixd,9.8
5088,1pvn,9.82
5089,3m36,9.82
5090,3nu3,9.82
5091,4eb8,9.82
5092,4xtz,9.82
5093,4zo5,9.82
5094,2xef,9.84
5095,6dh8,9.84
5096,2std,9.85
5097,3kdb,9.85
5098,3rdo,9.85
5099,6oqd,9.85
5100,6dh7,9.88
5101,1bn3,9.89
5102,1e66,9.89
5103,2drc,9.89
5104,1hxb,9.92
5105,1zsf,9.92
5106,2vnp,9.92
5107,3ies,9.92
5108,3rlb,9.92
5109,6dh6,9.93
5110,1hvl,9.95
5111,1bv9,9.96
5112,1fjs,9.96
5113,2xmy,9.96
5114,4m8y,9.96
5115,6o0p,9.96
5116,1bnn,10.0
5117,1bxo,10.0
5118,1d4h,10.0
5119,1ec2,10.0
5120,1flr,10.0
5121,1gar,10.0
5122,1igj,10.0
5123,1rjk,10.0
5124,3h5b,10.0
5125,4ivc,10.0
5126,4lhv,10.0
5127,4twp,10.0
5128,6e23,10.0
5129,6udi,10.0
5130,6udt,10.0
5131,3mxe,10.01
5132,1n4k,10.05
5133,1nm6,10.05
5134,4rfm,10.05
5135,3lzu,10.06
5136,1sdu,10.07
5137,1sr7,10.1
5138,2o4j,10.1
5139,2p16,10.1
5140,1y6r,10.11
5141,6chp,10.12
5142,5v82,10.15
5143,4f3k,10.16
5144,3ps1,10.17
5145,3u8n,10.17
5146,4tmn,10.17
5147,5llh,10.17
5148,6nzv,10.17
5149,4ggz,10.18
5150,5etj,10.18
5151,1ie9,10.19
5152,2qi3,10.2
5153,4m8x,10.2
5154,2qi7,10.21
5155,5dyo,10.21
5156,6ud2,10.21
5157,5lle,10.22
5158,3t3c,10.23
5159,1qbu,10.24
5160,5b25,10.24
5161,1rr6,10.25
5162,6dyu,10.26
5163,6udv,10.29
5164,1bv7,10.3
5165,1c70,10.3
5166,1hvs,10.3
5167,2p15,10.3
5168,5nea,10.3
5169,6oqb,10.3
5170,4djq,10.32
5171,5h8g,10.32
5172,4std,10.33
5173,3i6o,10.35
5174,4ngm,10.35
5175,4q1y,10.35
5176,4lvt,10.36
5177,1c4u,10.37
5178,4ynb,10.37
5179,1kzk,10.39
5180,5d3c,10.4
5181,6oqc,10.4
5182,4wt2,10.42
5183,2qi4,10.44
5184,4ffs,10.44
5185,6dyw,10.44
5186,2o4k,10.46
5187,6eqx,10.47
5188,1msm,10.48
5189,5ehq,10.48
5190,2zx7,10.49
5191,5std,10.49
5192,6dj1,10.51
5193,1b8n,10.52
5194,1if7,10.52
5195,1n46,10.52
5196,2f81,10.52
5197,4yo8,10.52
5198,6ne5,10.52
5199,6no9,10.52
5200,1g2o,10.55
5201,4djp,10.55
5202,6b4n,10.55
5203,6dyy,10.55
5204,1qbr,10.57
5205,2qi6,10.57
5206,4xtx,10.57
5207,6dh1,10.58
5208,3djk,10.59
5209,3ekt,10.59
5210,6dyv,10.59
5211,2zx6,10.6
5212,5uov,10.6
5213,1qbt,10.62
5214,2xei,10.62
5215,4lch,10.62
5216,1b8o,10.64
5217,6eqw,10.65
5218,1dif,10.66
5219,3cs7,10.68
5220,2pk5,10.7
5221,2xeg,10.7
5222,3myg,10.7
5223,3o9a,10.7
5224,4agc,10.7
5225,5nee,10.7
5226,5alb,10.71
5227,3o9d,10.72
5228,6dif,10.72
5229,7std,10.72
5230,4yho,10.74
5231,6o0k,10.74
5232,4gid,10.77
5233,4omc,10.78
5234,3gi4,10.8
5235,4hla,10.8
5236,5c1m,10.8
5237,1hxw,10.82
5238,3o99,10.82
5239,5wlo,10.82
5240,6h5x,10.82
5241,2qi5,10.85
5242,3i7e,10.85
5243,5ult,10.85
5244,2pk6,10.89
5245,6dh2,10.89
5246,4i8w,10.9
5247,1hvi,10.92
5248,3utu,10.92
5249,6cdl,10.92
5250,1hvk,10.96
5251,1m7y,10.96
5252,3lzs,10.96
5253,4ase,11.0
5254,4kb9,11.0
5255,5bs4,11.0
5256,1q84,11.05
5257,4i8z,11.05
5258,5dgw,11.05
5259,1x1z,11.06
5260,3k8o,11.07
5261,5c2h,11.09
5262,1d4y,11.1
5263,3std,11.11
5264,5llg,11.13
5265,1mq6,11.15
5266,4q1x,11.15
5267,2i4v,11.2
5268,5h8e,11.2
5269,3gi5,11.22
5270,3gi6,11.22
5271,5dwr,11.22
5272,3ok9,11.23
5273,4u8w,11.24
5274,1hpx,11.26
5275,4ryd,11.26
5276,3k8q,11.28
5277,6mqe,11.29
5278,1pro,11.3
5279,2q5k,11.3
5280,2xpk,11.3
5281,3o9e,11.3
5282,3st5,11.3
5283,4f2w,11.3
5284,4gbd,11.32
5285,2x00,11.33
5286,2j62,11.34
5287,2hb3,11.35
5288,5dgu,11.35
5289,1hvj,11.4
5290,2i0a,11.4
5291,1lyb,11.42
5292,5drr,11.46
5293,4djo,11.52
5294,4djr,11.52
5295,5izj,11.52
5296,6cpa,11.52
5297,3qaa,11.54
5298,2i4u,11.57
5299,4ll3,11.57
5300,4wkb,11.57
5301,2i4w,11.59
5302,2i4d,11.68
5303,4jn2,11.68
5304,1y6q,11.7
5305,4q1w,11.7
5306,6cdj,11.7
5307,2i4x,11.72
5308,4dfg,11.74
5309,1duv,11.8
5310,3o9i,11.82
5311,4f3c,11.82
5312,5bry,11.82
5313,1sl3,11.85
5314,1ctu,11.92
5315,6e9a,11.92
